Cadence Genus(TM) Synthesis Solution.
Copyright 2021 Cadence Design Systems, Inc. All rights reserved worldwide.
Cadence and the Cadence logo are registered trademarks and Genus is a trademark
of Cadence Design Systems, Inc. in the United States and other countries.

Version: 21.10-p002_1, built Fri Aug 20 06:13:13 PDT 2021
Options: -lic_startup Genus_Synthesis -lic_startup_options Genus_Physical_Opt -log /home/cinovador/Documents/course_files/physical_synthesis/synthesis_dft_atpg/backend/synthesis/work/genus/genus -overwrite -files /home/cinovador/Documents/course_files/physical_synthesis/synthesis_dft_atpg/backend/synthesis/scripts/multiplier32FP.tcl 
Date:    Wed Mar 26 12:35:53 2025
Host:    cinova05.lesc.ufc.br (x86_64 w/Linux 4.18.0-553.44.1.el8_10.x86_64) (14cores*20cpus*1physical cpu*13th Gen Intel(R) Core(TM) i5-13500 24576KB) (32333792KB)
PID:     54360
OS:      Rocky Linux release 8.10 (Green Obsidian)

Checking out license: Genus_Synthesis


***********************************************************************************************************
***********************************************************************************************************



Loading tool scripts...
Finished loading tool scripts (5 seconds elapsed).

Checking out license: Genus_Physical_Opt

#@ Processing -files option
@genus 1> source /home/cinovador/Documents/course_files/physical_synthesis/synthesis_dft_atpg/backend/synthesis/scripts/multiplier32FP.tcl
#@ Begin verbose source /home/cinovador/Documents/course_files/physical_synthesis/synthesis_dft_atpg/backend/synthesis/scripts/multiplier32FP.tcl
@file(multiplier32FP.tcl) 8: puts "  "
  
@file(multiplier32FP.tcl) 9: puts "  "
  
@file(multiplier32FP.tcl) 10: puts "  "
  
@file(multiplier32FP.tcl) 11: puts "  "
  
@file(multiplier32FP.tcl) 16: set PROJECT_DIR $env(PROJECT_DIR)
@file(multiplier32FP.tcl) 17: set TECH_DIR $env(TECH_DIR)
@file(multiplier32FP.tcl) 18: set DESIGNS $env(DESIGNS)
@file(multiplier32FP.tcl) 19: set HDL_NAME $env(HDL_NAME)
@file(multiplier32FP.tcl) 20: set INTERCONNECT_MODE ple
@file(multiplier32FP.tcl) 26: set MAIN_CLOCK_NAME clk
@file(multiplier32FP.tcl) 27: set MAIN_RST_NAME rst_n
@file(multiplier32FP.tcl) 28: set BEST_LIB_OPERATING_CONDITION PVT_1P32V_0C
@file(multiplier32FP.tcl) 29: set WORST_LIB_OPERATING_CONDITION PVT_0P9V_125C
@file(multiplier32FP.tcl) 30: set period_clk 50.0  ;# (100 ns = 10 MHz) (10 ns = 100 MHz) (50 ns = 20 MHz) (1 ns = 1 GHz)
@file(multiplier32FP.tcl) 31: set clk_uncertainty 0.044 ;# ns (“a guess”)
@file(multiplier32FP.tcl) 32: set clk_latency 0.105 ;# ns (“a guess”)
@file(multiplier32FP.tcl) 33: set in_delay 0.28 ;# ns
@file(multiplier32FP.tcl) 34: set out_delay 0.35;#ns
@file(multiplier32FP.tcl) 35: set out_load 0.045 ;#pF
@file(multiplier32FP.tcl) 36: set slew "146 164 264 252" ;#minimum rise, minimum fall, maximum rise and maximum fall
@file(multiplier32FP.tcl) 37: set slew_min_rise 0.146 ;# ns
@file(multiplier32FP.tcl) 38: set slew_min_fall 0.164 ;# ns
@file(multiplier32FP.tcl) 39: set slew_max_rise 0.264 ;# ns
@file(multiplier32FP.tcl) 40: set slew_max_fall 0.252 ;# ns
@file(multiplier32FP.tcl) 42: set WORST_LIST {slow_vdd1v0_basicCells.lib}
@file(multiplier32FP.tcl) 43: set BEST_LIST {fast_vdd1v2_basicCells.lib}
@file(multiplier32FP.tcl) 44: set LEF_LIST {gsclib045_tech.lef gsclib045_macro.lef}
@file(multiplier32FP.tcl) 45: set WORST_CAP_LIST ${TECH_DIR}/gpdk045_v_6_0/soce/gpdk045.basic.CapTbl
@file(multiplier32FP.tcl) 46: set QRC_LIST ${TECH_DIR}/gpdk045_v_6_0/qrc/rcworst/qrcTechFile
@file(multiplier32FP.tcl) 53: source ${PROJECT_DIR}/backend/synthesis/scripts/common/path.tcl
Sourcing '/home/cinovador/Documents/course_files/physical_synthesis/synthesis_dft_atpg/backend/synthesis/scripts/common/path.tcl' (Wed Mar 26 12:35:59 -03 2025)...
#@ Begin verbose source /home/cinovador/Documents/course_files/physical_synthesis/synthesis_dft_atpg/backend/synthesis/scripts/common/path.tcl
@file(path.tcl) 5: set BACKEND_DIR ${PROJECT_DIR}/backend
@file(path.tcl) 6: set SYNT_DIR ${BACKEND_DIR}/synthesis
@file(path.tcl) 7: set SCRIPT_DIR ${SYNT_DIR}/scripts
@file(path.tcl) 8: set RPT_DIR ${SYNT_DIR}/reports
@file(path.tcl) 9: set DEV_DIR ${SYNT_DIR}/deliverables
@file(path.tcl) 10: set LAYOUT_DIR ${BACKEND_DIR}/layout
@file(path.tcl) 15: set FRONTEND_DIR ${PROJECT_DIR}/frontend
@file(path.tcl) 16: set OTHERS ""
@file(path.tcl) 17: lappend FRONTEND_DIR $OTHERS
@file(path.tcl) 24: set LIB_DIR ${TECH_DIR}/gsclib045_svt_v4.4/lan/flow/t1u1/reference_libs/GPDK045/gsclib045_svt_v4.4/gsclib045/timing
@file(path.tcl) 36: set LEF_DIR ${TECH_DIR}/gsclib045_svt_v4.4/lan/flow/t1u1/reference_libs/GPDK045/gsclib045_svt_v4.4/gsclib045/lef
#@ End verbose source /home/cinovador/Documents/course_files/physical_synthesis/synthesis_dft_atpg/backend/synthesis/scripts/common/path.tcl
@file(multiplier32FP.tcl) 54: set LIB_SRC ${LIB_DIR}/../verilog/
@file(multiplier32FP.tcl) 59: source ${SCRIPT_DIR}/common/tech.tcl
Sourcing '/home/cinovador/Documents/course_files/physical_synthesis/synthesis_dft_atpg/backend/synthesis/scripts/common/tech.tcl' (Wed Mar 26 12:35:59 -03 2025)...
#@ Begin verbose source /home/cinovador/Documents/course_files/physical_synthesis/synthesis_dft_atpg/backend/synthesis/scripts/common/tech.tcl
@file(tech.tcl) 5: create_library_domain {worst best} 
@file(tech.tcl) 6: get_db library_domains *
@file(tech.tcl) 12: set_db lib_search_path "${LIB_DIR} ${LEF_DIR}"
  Setting attribute of root '/': 'lib_search_path' = /home/tools/cadence/gpdk/gsclib045_svt_v4.4/lan/flow/t1u1/reference_libs/GPDK045/gsclib045_svt_v4.4/gsclib045/timing /home/tools/cadence/gpdk/gsclib045_svt_v4.4/lan/flow/t1u1/reference_libs/GPDK045/gsclib045_svt_v4.4/gsclib045/lef
@file(tech.tcl) 13: set_db [get_db library_domains worst] .library ${WORST_LIST}

Threads Configured:3

  Message Summary for Library slow_vdd1v0_basicCells.lib:
  *******************************************************
  Missing a function attribute in the output pin definition. [LBR-518]: 1
  *******************************************************
 
Info    : Created nominal operating condition. [LBR-412]
        : Operating condition '_nominal_' was created for the PVT values (1.000000, 0.900000, 125.000000) in library 'slow_vdd1v0_basicCells.lib'.
        : The nominal operating condition is represented, either by the nominal PVT values specified in the library source (via nom_process,nom_voltage and nom_temperature respectively), or by the default PVT values (1.0,1.0,1.0).
Warning : Library cell has no output pins defined. [LBR-9]
        : Library cell 'ANTENNA' must have an output pin.
        : Add the missing output pin(s), then reload the library. Else the library cell will be marked as timing model i.e. unusable. Timing_model means that the cell does not have any defined function. If there is no output pin, Genus will mark library cell as unusable i.e. the attribute 'usable' will be marked to 'false' on the libcell. Therefore, the cell is not used for mapping and it will not be picked up from the library for synthesis. If you query the attribute 'unusable_reason' on the libcell; result will be: 'Library cell has no output pins.'Note: The message LBR-9 is only for the logical pins and not for the power_ground pins. Genus will depend upon the output function defined in the pin group (output pin) of the cell, to use it for mapping. The pg_pin will not have any function defined.
Warning : Library cell has no output pins defined. [LBR-9]
        : Library cell 'ANTENNA' must have an output pin.
Warning : Library cell has no output pins defined. [LBR-9]
        : Library cell 'DECAP10' must have an output pin.
Warning : Library cell has no output pins defined. [LBR-9]
        : Library cell 'DECAP10' must have an output pin.
Warning : Library cell has no output pins defined. [LBR-9]
        : Library cell 'DECAP2' must have an output pin.
Warning : Library cell has no output pins defined. [LBR-9]
        : Library cell 'DECAP2' must have an output pin.
Warning : Library cell has no output pins defined. [LBR-9]
        : Library cell 'DECAP3' must have an output pin.
Warning : Library cell has no output pins defined. [LBR-9]
        : Library cell 'DECAP3' must have an output pin.
Warning : Library cell has no output pins defined. [LBR-9]
        : Library cell 'DECAP4' must have an output pin.
Warning : Library cell has no output pins defined. [LBR-9]
        : Library cell 'DECAP4' must have an output pin.
Warning : Library cell has no output pins defined. [LBR-9]
        : Library cell 'DECAP5' must have an output pin.
Warning : Library cell has no output pins defined. [LBR-9]
        : Library cell 'DECAP5' must have an output pin.
Warning : Library cell has no output pins defined. [LBR-9]
        : Library cell 'DECAP6' must have an output pin.
Warning : Library cell has no output pins defined. [LBR-9]
        : Library cell 'DECAP6' must have an output pin.
Warning : Library cell has no output pins defined. [LBR-9]
        : Library cell 'DECAP7' must have an output pin.
Warning : Library cell has no output pins defined. [LBR-9]
        : Library cell 'DECAP7' must have an output pin.
Warning : Library cell has no output pins defined. [LBR-9]
        : Library cell 'DECAP8' must have an output pin.
Warning : Library cell has no output pins defined. [LBR-9]
        : Library cell 'DECAP8' must have an output pin.
Warning : Library cell has no output pins defined. [LBR-9]
        : Library cell 'DECAP9' must have an output pin.
Warning : Library cell has no output pins defined. [LBR-9]
        : Library cell 'DECAP9' must have an output pin.
Info    : Set default library domain. [LBR-109]
        : The default library domain is 'library_domain:worst'.
  Setting attribute of library_domain 'worst': 'library' = slow_vdd1v0_basicCells.lib
@file(tech.tcl) 14: set_db [get_db library_domains best] .library ${BEST_LIST}

Threads Configured:3

  Message Summary for Library fast_vdd1v2_basicCells.lib:
  *******************************************************
  Missing a function attribute in the output pin definition. [LBR-518]: 1
  *******************************************************
 
Info    : Created nominal operating condition. [LBR-412]
        : Operating condition '_nominal_' was created for the PVT values (1.000000, 1.320000, 0.000000) in library 'fast_vdd1v2_basicCells.lib'.
Warning : Library cell has no output pins defined. [LBR-9]
        : Library cell 'ANTENNA' must have an output pin.
Warning : Library cell has no output pins defined. [LBR-9]
        : Library cell 'ANTENNA' must have an output pin.
Warning : Library cell has no output pins defined. [LBR-9]
        : Library cell 'DECAP10' must have an output pin.
Warning : Library cell has no output pins defined. [LBR-9]
        : Library cell 'DECAP10' must have an output pin.
Warning : Library cell has no output pins defined. [LBR-9]
        : Library cell 'DECAP2' must have an output pin.
Warning : Library cell has no output pins defined. [LBR-9]
        : Library cell 'DECAP2' must have an output pin.
Warning : Library cell has no output pins defined. [LBR-9]
        : Library cell 'DECAP3' must have an output pin.
Warning : Library cell has no output pins defined. [LBR-9]
        : Library cell 'DECAP3' must have an output pin.
Warning : Library cell has no output pins defined. [LBR-9]
        : Library cell 'DECAP4' must have an output pin.
Warning : Library cell has no output pins defined. [LBR-9]
        : Library cell 'DECAP4' must have an output pin.
Warning : Library cell has no output pins defined. [LBR-9]
        : Library cell 'DECAP5' must have an output pin.
Warning : Library cell has no output pins defined. [LBR-9]
        : Library cell 'DECAP5' must have an output pin.
Warning : Library cell has no output pins defined. [LBR-9]
        : Library cell 'DECAP6' must have an output pin.
Warning : Library cell has no output pins defined. [LBR-9]
        : Library cell 'DECAP6' must have an output pin.
Warning : Library cell has no output pins defined. [LBR-9]
        : Library cell 'DECAP7' must have an output pin.
Warning : Library cell has no output pins defined. [LBR-9]
        : Library cell 'DECAP7' must have an output pin.
Warning : Library cell has no output pins defined. [LBR-9]
        : Library cell 'DECAP8' must have an output pin.
Warning : Library cell has no output pins defined. [LBR-9]
        : Library cell 'DECAP8' must have an output pin.
Warning : Library cell has no output pins defined. [LBR-9]
        : Library cell 'DECAP9' must have an output pin.
Warning : Library cell has no output pins defined. [LBR-9]
        : Library cell 'DECAP9' must have an output pin.
  Setting attribute of library_domain 'best': 'library' = fast_vdd1v2_basicCells.lib
@file(tech.tcl) 20: get_db [get_db library_domains *worst] .operating_conditions
@file(tech.tcl) 21: set_db [get_db library_domains *worst] .operating_conditions ${WORST_LIB_OPERATING_CONDITION}
  Setting attribute of library_domain 'worst': 'operating_conditions' = operating_condition:ls_of_ld_worst/slow_vdd1v0/PVT_0P9V_125C
@file(tech.tcl) 22: get_db [get_db library_domains *worst] .operating_conditions
@file(tech.tcl) 24: get_db [get_db library_domains *best] .operating_conditions
@file(tech.tcl) 25: set_db [get_db library_domains *best] .operating_conditions ${BEST_LIB_OPERATING_CONDITION}
  Setting attribute of library_domain 'best': 'operating_conditions' = operating_condition:ls_of_ld_best/fast_vdd1v2/PVT_1P32V_0C
@file(tech.tcl) 26: get_db [get_db library_domains *best] .operating_conditions
@file(tech.tcl) 28: get_db [get_db library_domain *worst] .default
@file(tech.tcl) 29: get_db [get_db library_domain *best] .default 
@file(tech.tcl) 31: get_db [vfind /libraries -library_domain worst] .active_operating_conditions
  Library has 324 usable logic and 128 usable sequential lib-cells.
  Library has 324 usable logic and 128 usable sequential lib-cells.
@file(tech.tcl) 32: get_db [vfind /libraries -library_domain best] .active_operating_conditions 
@file(tech.tcl) 44: set_db lef_library ${LEF_LIST}
Info    : Via with no resistance will have a value of '0.0' assigned for resistance value. [PHYS-129]
        : Via 'M2_M1_HV' has no resistance value.
        : If this is the expected behavior, this message can be ignored.
Info    : Via with no resistance will have a value of '0.0' assigned for resistance value. [PHYS-129]
        : Via 'M2_M1_VV' has no resistance value.
Info    : Via with no resistance will have a value of '0.0' assigned for resistance value. [PHYS-129]
        : Via 'M2_M1_VH' has no resistance value.
Info    : Via with no resistance will have a value of '0.0' assigned for resistance value. [PHYS-129]
        : Via 'M2_M1_HH' has no resistance value.
Info    : Via with no resistance will have a value of '0.0' assigned for resistance value. [PHYS-129]
        : Via 'M2_M1_2x1_HV_E' has no resistance value.
Info    : Via with no resistance will have a value of '0.0' assigned for resistance value. [PHYS-129]
        : Via 'M2_M1_2x1_HV_W' has no resistance value.
Info    : Via with no resistance will have a value of '0.0' assigned for resistance value. [PHYS-129]
        : Via 'M2_M1_1x2_HV_N' has no resistance value.
Info    : Via with no resistance will have a value of '0.0' assigned for resistance value. [PHYS-129]
        : Via 'M2_M1_1x2_HV_S' has no resistance value.
Info    : Via with no resistance will have a value of '0.0' assigned for resistance value. [PHYS-129]
        : Via 'M3_M2_VH' has no resistance value.
Info    : Via with no resistance will have a value of '0.0' assigned for resistance value. [PHYS-129]
        : Via 'M3_M2_HH' has no resistance value.
Info    : Via with no resistance will have a value of '0.0' assigned for resistance value. [PHYS-129]
        : Via 'M3_M2_HV' has no resistance value.
Info    : Via with no resistance will have a value of '0.0' assigned for resistance value. [PHYS-129]
        : Via 'M3_M2_VV' has no resistance value.
Info    : Via with no resistance will have a value of '0.0' assigned for resistance value. [PHYS-129]
        : Via 'M3_M2_M_NH' has no resistance value.
Info    : Via with no resistance will have a value of '0.0' assigned for resistance value. [PHYS-129]
        : Via 'M3_M2_M_SH' has no resistance value.
Info    : Via with no resistance will have a value of '0.0' assigned for resistance value. [PHYS-129]
        : Via 'M3_M2_2x1_VH_E' has no resistance value.
Info    : Via with no resistance will have a value of '0.0' assigned for resistance value. [PHYS-129]
        : Via 'M3_M2_2x1_VH_W' has no resistance value.
Info    : Via with no resistance will have a value of '0.0' assigned for resistance value. [PHYS-129]
        : Via 'M3_M2_1x2_VH_N' has no resistance value.
Info    : Via with no resistance will have a value of '0.0' assigned for resistance value. [PHYS-129]
        : Via 'M3_M2_1x2_VH_S' has no resistance value.
Info    : Via with no resistance will have a value of '0.0' assigned for resistance value. [PHYS-129]
        : Via 'M4_M3_HV' has no resistance value.
Info    : Via with no resistance will have a value of '0.0' assigned for resistance value. [PHYS-129]
        : Via 'M4_M3_VV' has no resistance value.

  According to lef_library, there are total 11 routing layers [ V(5) / H(6) ]

Warning : Physical cell not defined in library. [PHYS-279]
        : The physical (LEF) cell DFF2RX1 cannot be found in library.
        : Ensure that the proper library files are available and have been imported.
Warning : Physical cell not defined in library. [PHYS-279]
        : The physical (LEF) cell DFF2RX2 cannot be found in library.
Warning : Physical cell not defined in library. [PHYS-279]
        : The physical (LEF) cell DFF2X1 cannot be found in library.
Warning : Physical cell not defined in library. [PHYS-279]
        : The physical (LEF) cell DFF2X2 cannot be found in library.
Warning : Physical cell not defined in library. [PHYS-279]
        : The physical (LEF) cell DFF4RX1 cannot be found in library.
Warning : Physical cell not defined in library. [PHYS-279]
        : The physical (LEF) cell DFF4RX2 cannot be found in library.
Warning : Physical cell not defined in library. [PHYS-279]
        : The physical (LEF) cell DFF4X1 cannot be found in library.
Warning : Physical cell not defined in library. [PHYS-279]
        : The physical (LEF) cell DFF4X2 cannot be found in library.
Warning : Physical cell not defined in library. [PHYS-279]
        : The physical (LEF) cell FILL1 cannot be found in library.
Warning : Physical cell not defined in library. [PHYS-279]
        : The physical (LEF) cell FILL16 cannot be found in library.
Warning : Physical cell not defined in library. [PHYS-279]
        : The physical (LEF) cell FILL2 cannot be found in library.
Warning : Physical cell not defined in library. [PHYS-279]
        : The physical (LEF) cell FILL32 cannot be found in library.
Warning : Physical cell not defined in library. [PHYS-279]
        : The physical (LEF) cell FILL4 cannot be found in library.
Warning : Physical cell not defined in library. [PHYS-279]
        : The physical (LEF) cell FILL64 cannot be found in library.
Warning : Physical cell not defined in library. [PHYS-279]
        : The physical (LEF) cell FILL8 cannot be found in library.
Warning : Physical cell not defined in library. [PHYS-279]
        : The physical (LEF) cell FSWNX1 cannot be found in library.
Warning : Physical cell not defined in library. [PHYS-279]
        : The physical (LEF) cell FSWX1 cannot be found in library.
Warning : Physical cell not defined in library. [PHYS-279]
        : The physical (LEF) cell HSWDNX1 cannot be found in library.
Warning : Physical cell not defined in library. [PHYS-279]
        : The physical (LEF) cell HSWDX1 cannot be found in library.
Warning : Physical cell not defined in library. [PHYS-279]
        : The physical (LEF) cell HSWNX1 cannot be found in library.
  Setting attribute of root '/': 'lef_library' = /home/tools/cadence/gpdk/gsclib045_svt_v4.4/lan/flow/t1u1/reference_libs/GPDK045/gsclib045_svt_v4.4/gsclib045/lef/gsclib045_tech.lef /home/tools/cadence/gpdk/gsclib045_svt_v4.4/lan/flow/t1u1/reference_libs/GPDK045/gsclib045_svt_v4.4/gsclib045/lef/gsclib045_macro.lef
@file(tech.tcl) 52: set_db qrc_tech_file ${QRC_LIST}

  According to qrc_tech_file, there are total 11 routing layers [ V(5) / H(6) ]

  Setting attribute of root '/': 'qrc_tech_file' = /home/tools/cadence/gpdk/gpdk045_v_6_0/qrc/rcworst/qrcTechFile
@file(tech.tcl) 56: get_db interconnect_mode
@file(tech.tcl) 57: set_db interconnect_mode ple ;# global
  Setting attribute of root '/': 'interconnect_mode' = ple
@file(tech.tcl) 67: get_lib_cells
@file(tech.tcl) 68: get_db lib_cells *SDFF*
@file(tech.tcl) 69: get_db base_cell:SDFFRHQX1 .dont_use
@file(tech.tcl) 70: set_db base_cell:SDFFRHQX1 .dont_use false
  Setting attribute of base_cell 'SDFFRHQX1': 'dont_use' = false
@file(tech.tcl) 71: foreach lc [get_db base_cells -if {.name == "SDFF*"}] {
  get_db $lc .dont_use
  set_db $lc .dont_use false
}
  Setting attribute of base_cell 'SDFFHQX1': 'dont_use' = false
  Setting attribute of base_cell 'SDFFHQX2': 'dont_use' = false
  Setting attribute of base_cell 'SDFFHQX4': 'dont_use' = false
  Setting attribute of base_cell 'SDFFHQX8': 'dont_use' = false
  Setting attribute of base_cell 'SDFFNSRX1': 'dont_use' = false
  Setting attribute of base_cell 'SDFFNSRX2': 'dont_use' = false
  Setting attribute of base_cell 'SDFFNSRX4': 'dont_use' = false
  Setting attribute of base_cell 'SDFFNSRXL': 'dont_use' = false
  Setting attribute of base_cell 'SDFFQX1': 'dont_use' = false
  Setting attribute of base_cell 'SDFFQX2': 'dont_use' = false
  Setting attribute of base_cell 'SDFFQX4': 'dont_use' = false
  Setting attribute of base_cell 'SDFFQXL': 'dont_use' = false
  Setting attribute of base_cell 'SDFFRHQX1': 'dont_use' = false
  Setting attribute of base_cell 'SDFFRHQX2': 'dont_use' = false
  Setting attribute of base_cell 'SDFFRHQX4': 'dont_use' = false
  Setting attribute of base_cell 'SDFFRHQX8': 'dont_use' = false
  Setting attribute of base_cell 'SDFFRX1': 'dont_use' = false
  Setting attribute of base_cell 'SDFFRX2': 'dont_use' = false
  Setting attribute of base_cell 'SDFFRX4': 'dont_use' = false
  Setting attribute of base_cell 'SDFFRXL': 'dont_use' = false
  Setting attribute of base_cell 'SDFFSHQX1': 'dont_use' = false
  Setting attribute of base_cell 'SDFFSHQX2': 'dont_use' = false
  Setting attribute of base_cell 'SDFFSHQX4': 'dont_use' = false
  Setting attribute of base_cell 'SDFFSHQX8': 'dont_use' = false
  Setting attribute of base_cell 'SDFFSRHQX1': 'dont_use' = false
  Setting attribute of base_cell 'SDFFSRHQX2': 'dont_use' = false
  Setting attribute of base_cell 'SDFFSRHQX4': 'dont_use' = false
  Setting attribute of base_cell 'SDFFSRHQX8': 'dont_use' = false
  Setting attribute of base_cell 'SDFFSRX1': 'dont_use' = false
  Setting attribute of base_cell 'SDFFSRX2': 'dont_use' = false
  Setting attribute of base_cell 'SDFFSRX4': 'dont_use' = false
  Setting attribute of base_cell 'SDFFSRXL': 'dont_use' = false
  Setting attribute of base_cell 'SDFFSX1': 'dont_use' = false
  Setting attribute of base_cell 'SDFFSX2': 'dont_use' = false
  Setting attribute of base_cell 'SDFFSX4': 'dont_use' = false
  Setting attribute of base_cell 'SDFFSXL': 'dont_use' = false
  Setting attribute of base_cell 'SDFFTRX1': 'dont_use' = false
  Setting attribute of base_cell 'SDFFTRX2': 'dont_use' = false
  Setting attribute of base_cell 'SDFFTRX4': 'dont_use' = false
  Setting attribute of base_cell 'SDFFTRXL': 'dont_use' = false
  Setting attribute of base_cell 'SDFFX1': 'dont_use' = false
  Setting attribute of base_cell 'SDFFX2': 'dont_use' = false
  Setting attribute of base_cell 'SDFFX4': 'dont_use' = false
  Setting attribute of base_cell 'SDFFXL': 'dont_use' = false
  Setting attribute of base_cell 'SDFF2RX1': 'dont_use' = false
  Setting attribute of base_cell 'SDFF2RX2': 'dont_use' = false
  Setting attribute of base_cell 'SDFF4RX1': 'dont_use' = false
  Setting attribute of base_cell 'SDFF4RX2': 'dont_use' = false
@file(tech.tcl) 77: foreach lc [get_db base_cells -if {.name == "TLATS*"}] {
  get_db $lc .dont_use
  set_db $lc .dont_use false
}
  Setting attribute of base_cell 'TLATSRX1': 'dont_use' = false
  Setting attribute of base_cell 'TLATSRX2': 'dont_use' = false
  Setting attribute of base_cell 'TLATSRX4': 'dont_use' = false
  Setting attribute of base_cell 'TLATSRXL': 'dont_use' = false
@file(tech.tcl) 88: get_db [get_db library_sets *worst] .libraries
@file(tech.tcl) 89: get_db [get_db library_sets *best] .libraries
@file(tech.tcl) 91: get_db [get_db library_sets *worst] .libraries.lib_cells
@file(tech.tcl) 92: get_db [get_db library_sets *best] .libraries.lib_cells
@file(tech.tcl) 94: get_db [get_db [get_db library_sets *worst] .libraries *slow_vdd1v0] .lib_cells
@file(tech.tcl) 95: get_db [get_db [get_db library_sets *best] .libraries *fast_vdd1v2] .lib_cells 
@file(tech.tcl) 97: get_db [get_db library_sets *worst] .libraries.lib_cells -regexp XOR
@file(tech.tcl) 98: get_db [get_db library_sets *best] .libraries.lib_cells -regexp XOR
@file(tech.tcl) 100: get_db [get_db [get_db library_sets *worst] .libraries.lib_cells -regexp CLKXOR2X1] .*
Object: lib_cell:ls_of_ld_worst/slow_vdd1v0/CLKXOR2X1
  area:                  2.736
  area_multiplier:       1.0
  async_clear_pins:      {}
  async_preset_pins:     {}
  avoid:                 false
  backup_power_pins:     {}
  base_cell:             base_cell:CLKXOR2X1
  base_name:             CLKXOR2X1
  bbox:                  {0.0 0.0 1.6 1.71}
  bit_width:             1
  cell_delay_multiplier:  1.0
  cell_min_delay_multiplier:  1.0
  clock_gating_integrated_cell:  {}
  clock_pins:            {}
  combinational:         true
  congestion_avoid:      false
  constraint_multiplier:  1.0
  data_pins:             {}
  dont_touch:            false
  dont_use:              false
  escaped_name:          ls_of_ld_worst/slow_vdd1v0/CLKXOR2X1
  failure_probability:   0.0
  has_non_seq_setup_arc:  false
  internal_power:        no_value
  is_always_on:          false
  is_black_box:          false
  is_buffer:             false
  is_clock_isolation_cell:  false
  is_combinational:      true
  is_dummy_scmr_iw_cell:  false
  is_fall_edge_triggered:  false
  is_fixed_mask:         false
  is_flop:               false
  is_inferred_macro:     false
  is_integrated_clock_gating:  false
  is_interface_timing:   false
  is_inverter:           false
  is_isolation_cell:     false
  is_latch:              false
  is_level_shifter:      false
  is_macro:              false
  is_master_slave_flop:  false
  is_master_slave_lssd_flop:  false
  is_memory:             false
  is_negative_level_sensitive:  false
  is_pad:                false
  is_pll:                false
  is_positive_level_sensitive:  false
  is_power_switch:       false
  is_retention:          false
  is_rise_edge_triggered:  false
  is_sequential:         false
  is_timing_model:       false
  is_tristate:           false
  is_usable:             true
  keep_as_physical:      false
  latch_enable:          {}
  latch_enable_pins:     {}
  leakage_power:         0.0
  leakage_scale_factor:  1.0
  left_padding:          0
  level_shifter_direction:  {}
  level_shifter_type:    {}
  level_shifter_valid_location:  {}
  lib_arcs:              NC
  lib_pins:              NC
  liberty_attributes:    area 2.736 
  library:               library:ls_of_ld_worst/slow_vdd1v0
  master_physical_variant_cell:  {}
  max_ground_input_voltage:  0.0
  max_ground_output_voltage:  0.0
  max_input_voltage:     0.0
  max_output_voltage:    0.0
  min_ground_input_voltage:  0.0
  min_ground_output_voltage:  0.0
  min_input_voltage:     0.0
  min_output_voltage:    0.0
  mode_definition:       NC
  name:                  ls_of_ld_worst/slow_vdd1v0/CLKXOR2X1
  obj_type:              lib_cell
  pg_lib_pins:           NC
  physical_variant_cells:  {}
  power_gating_cell_type:  {}
  preserve:              false
  preserve_avoid:        false
  primary_power:         {}
  required_condition:    {}
  right_padding:         0
  scan_enable_pins:      {}
  scan_in_pins:          {}
  scan_out:              {}
  scan_out_pins:         {}
  seq_functions:         NC
  sequential:            false
  short:                 {}
  std_cell_main_rail_pin:  pg_lib_pin:ls_of_ld_worst/slow_vdd1v0/CLKXOR2X1/VDD
  switch_off_enables:    {}
  switched_power:        {}
  symmetry:              xy
  sync_clear_pins:       {}
  sync_enable_pins:      {}
  sync_preset_pins:      {}
  timing_model_reason:   {}
  timing_model_type:     {}
  tristate:              false
  type_changed_pin_names:  {}
  unusable_reason:       {}
  usable_flop:           false
  usable_latch:          false
#@ End verbose source /home/cinovador/Documents/course_files/physical_synthesis/synthesis_dft_atpg/backend/synthesis/scripts/common/tech.tcl
@file(multiplier32FP.tcl) 64: set_db init_hdl_search_path "${DEV_DIR} ${FRONTEND_DIR}"
  Setting attribute of root '/': 'init_hdl_search_path' = /home/cinovador/Documents/course_files/physical_synthesis/synthesis_dft_atpg/backend/synthesis/deliverables /home/cinovador/Documents/course_files/physical_synthesis/synthesis_dft_atpg/frontend {}
@file(multiplier32FP.tcl) 65: set rtl_files ${DESIGNS}.sv
@file(multiplier32FP.tcl) 66: puts $rtl_files
multiplier32FP.sv
@file(multiplier32FP.tcl) 67: read_hdl -sv $rtl_files
@file(multiplier32FP.tcl) 73: elaborate ${HDL_NAME}
Info    : Elaborating Design. [ELAB-1]
        : Elaborating top-level block 'multiplier32FP' from file '/home/cinovador/Documents/course_files/physical_synthesis/synthesis_dft_atpg/frontend/multiplier32FP.sv'.
Warning : Removing unused register. [CDFG-508]
        : Removing unused flip-flop register 'mantissa_temp_ff' in module 'multiplier32FP' in file '/home/cinovador/Documents/course_files/physical_synthesis/synthesis_dft_atpg/frontend/multiplier32FP.sv' on line 51.
        : Genus removes the flip-flop or latch inferred for an unused signal or variable. To preserve the flip-flop or latch, set the hdl_preserve_unused_registers attribute to true or use a pragma in the RTL.
Warning : Removing unused register. [CDFG-508]
        : Removing unused flip-flop register 'exponent_temp_ff' in module 'multiplier32FP' in file '/home/cinovador/Documents/course_files/physical_synthesis/synthesis_dft_atpg/frontend/multiplier32FP.sv' on line 51.
Warning : Generated logic differs from the expected logic. [CDFG2G-615]
        : Signal 'mantissa_temp' in module 'multiplier32FP' modeled as latch instead of wire in file '/home/cinovador/Documents/course_files/physical_synthesis/synthesis_dft_atpg/frontend/multiplier32FP.sv' on line 65, column 29.
        : The logic generated for an always_comb, always_latch or always_ff process may not match the behavior specified in the input HDL.
Warning : Generated logic differs from the expected logic. [CDFG2G-615]
        : Signal 'exponent_temp' in module 'multiplier32FP' modeled as latch instead of wire in file '/home/cinovador/Documents/course_files/physical_synthesis/synthesis_dft_atpg/frontend/multiplier32FP.sv' on line 65, column 29.
Info    : Done Elaborating Design. [ELAB-3]
        : Done elaborating 'multiplier32FP'.
Checking for analog nets...
Check completed for analog nets.
Checking for source RTL...
Check completed for source RTL.
Running Unified Mux Engine Tricks...
Completed Unified Mux Engine Tricks
--------------------------------------------------------
| Trick             | Accepts | Rejects | Runtime (ms) | 
--------------------------------------------------------
| ume_constant_bmux |       0 |       0 |         0.00 | 
--------------------------------------------------------
Starting clip mux common data inputs [v1.0] (stage: post_elab, startdef: multiplier32FP, recur: true)
Completed clip mux common data inputs (accepts: 0, rejects: 0, runtime: 0.000s)
Starting clip the non-user hierarchies [v2.0] (stage: post_elab, startdef: multiplier32FP, recur: true)
Completed clip the non-user hierarchies (accepts: 0, rejects: 0, runtime: 0.000s)
UM:   flow.cputime  flow.realtime  timing.setup.tns  timing.setup.wns  snapshot
UM:*                                                                   elaborate
@file(multiplier32FP.tcl) 74: set_top_module ${HDL_NAME}
@file(multiplier32FP.tcl) 75: check_design -unresolved ${HDL_NAME}


 	 Check Design Report (c)
	 ------------------- 

  Unresolved References & Empty Modules
  ------------------------------------- 
No unresolved references in design 'multiplier32FP'

No empty modules in design 'multiplier32FP'

  Done Checking the design.
@file(multiplier32FP.tcl) 76: get_db current_design
@file(multiplier32FP.tcl) 77: check_library
============================================================
  Generated by:           Genus(TM) Synthesis Solution 21.10-p002_1
  Generated on:           Mar 26 2025  12:36:01 pm
  Module:                 multiplier32FP
  Library domain:         worst
    Domain index:         0
    Technology library:   slow_vdd1v0 1.0
  Library domain:         best
    Domain index:         1
    Technology library:   fast_vdd1v2 1.0
  Operating conditions:   PVT_0P9V_125C 
  Operating conditions:   PVT_1P32V_0C 
  Interconnect mode:      global
  Area mode:              physical library
============================================================

                                                                              
==============================================================================
Library Domain   Total cells   LS cell   ISO cell   Combo (LS+ISO)   SR Flops 
------------------------------------------------------------------------------
best(1.32)       470           0         0          0                0        
worst(0.9)       470           0         0          0                0        
------------------------------------------------------------------------------

Unusable libcells
=================
                                                                              
==============================================================================
Library Domain   Total cells   LS cell   ISO cell   Combo (LS+ISO)   SR Flops 
------------------------------------------------------------------------------
best(1.32)       113           0         0          0                0        
worst(0.9)       113           0         0          0                0        
------------------------------------------------------------------------------
@file(multiplier32FP.tcl) 83: read_sdc ${BACKEND_DIR}/synthesis/constraints/${HDL_NAME}.sdc
Statistics for commands executed by read_sdc:
 "all_inputs"               - successful      5 , failed      0 (runtime  0.00)
 "all_outputs"              - successful      2 , failed      0 (runtime  0.00)
 "create_clock"             - successful      1 , failed      0 (runtime  0.00)
 "current_design"           - successful      1 , failed      0 (runtime  0.00)
 "get_clocks"               - successful      4 , failed      0 (runtime  0.00)
 "get_nets"                 - successful      2 , failed      0 (runtime  0.00)
 "get_ports"                - successful      7 , failed      0 (runtime  0.00)
 "remove_from_collection"   - successful      5 , failed      0 (runtime  0.00)
 "set_clock_latency"        - successful      1 , failed      0 (runtime  0.00)
 "set_clock_uncertainty"    - successful      1 , failed      0 (runtime  0.00)
 "set_ideal_net"            - successful      2 , failed      0 (runtime  0.00)
 "set_input_delay"          - successful      1 , failed      0 (runtime  0.00)
 "set_input_transition"     - successful      4 , failed      0 (runtime  0.00)
 "set_load"                 - successful      1 , failed      0 (runtime  0.00)
 "set_output_delay"         - successful      1 , failed      0 (runtime  0.00)
read_sdc completed in 00:00:00 (hh:mm:ss)
@file(multiplier32FP.tcl) 84: report timing -lint
============================================================
  Generated by:           Genus(TM) Synthesis Solution 21.10-p002_1
  Generated on:           Mar 26 2025  12:36:01 pm
  Module:                 multiplier32FP
  Library domain:         worst
    Domain index:         0
    Technology library:   slow_vdd1v0 1.0
  Library domain:         best
    Domain index:         1
    Technology library:   fast_vdd1v2 1.0
  Operating conditions:   PVT_0P9V_125C 
  Operating conditions:   PVT_1P32V_0C 
  Interconnect mode:      global
  Area mode:              physical library
============================================================

-------------------------------------------------------------------------------
Sequential clock pins without clock waveform

The following sequential clock pins have no clock waveform driving them.  No    
timing constraints will be derived for paths leading to or from these pins.     
(Pin | Source | Reason)                                                         

{pin:multiplier32FP/exponent_temp_reg[0]/ena} {pin:multiplier32FP/current_state_reg[2]/q} {Disabled timing*}
{pin:multiplier32FP/exponent_temp_reg[1]/ena} {pin:multiplier32FP/current_state_reg[2]/q} {Disabled timing*}
{pin:multiplier32FP/exponent_temp_reg[2]/ena} {pin:multiplier32FP/current_state_reg[2]/q} {Disabled timing*}
  ... 55 other warnings in this category.
 Use the -verbose option for more details.
-------------------------------------------------------------------------------


Lint summary
 Unconnected/logic driven clocks                                  0
 Sequential data pins driven by a clock signal                    0
 Sequential clock pins without clock waveform                    58
 Sequential clock pins with multiple clock waveforms              0
 Generated clocks without clock waveform                          0
 Generated clocks with incompatible options                       0
 Generated clocks with multi-master clock                         0
 Paths constrained with different clocks                          0
 Loop-breaking cells for combinational feedback                   0
 Nets with multiple drivers                                       0
 Timing exceptions with no effect                                 0
 Suspicious multi_cycle exceptions                                0
 Pins/ports with conflicting case constants                       0
 Inputs without clocked external delays                           0
 Outputs without clocked external delays                          0
 Inputs without external driver/transition                        0
 Outputs without external load                                    0
 Exceptions with invalid timing start-/endpoints                  0

                                                  Total:         58
@file(multiplier32FP.tcl) 91: set_db dft_scan_style muxed_scan
  Setting attribute of root '/': 'dft_scan_style' = muxed_scan
@file(multiplier32FP.tcl) 93: set_db dft_prefix dft_
  Setting attribute of root '/': 'dft_prefix' = dft_
@file(multiplier32FP.tcl) 94: define_shift_enable -name SE -active high -create_port SE
@file(multiplier32FP.tcl) 95: check_dft_rules
  Checking DFT rules for 'multiplier32FP' module under 'muxed_scan' style

Detected 0 DFT rule violation(s)
	Summary of check_dft_rules
	**************************
	Number of usable scan cells: 48
Clock Rule Violations:
---------------------
	  Internally driven clock net: 0
	      Tied constant clock net: 0
	           Undriven clock net: 0
	Conflicting async & clock net: 0
	              Misc. clock net: 0

Async. set/reset Rule Violations:
--------------------------------
	Internally driven async net: 0
	      Tied active async net: 0
	         Undriven async net: 0
	            Misc. async net: 0

   Total number of DFT violations: 0

  Total number of Test Clock Domains: 1
  Number of user specified non-Scan registers:   0
      Number of registers that fail DFT rules:   0
      Number of registers that pass DFT rules:  40
  Percentage of total registers that are scannable: 100%
@file(multiplier32FP.tcl) 103: set_db auto_ungroup none ;# (none|both) ungrouping will not be performed
  Setting attribute of root '/': 'auto_ungroup' = none
@file(multiplier32FP.tcl) 108: syn_generic ${HDL_NAME}
##Generic Timing Info for library domain: worst typical gate delay: 150.2 ps std_slew: 17.9 ps std_load: 1.0 fF
Starting mux data reorder optimization [v1.0] (stage: pre_to_gen_setup, startdef: multiplier32FP, recur: true)
Completed mux data reorder optimization (accepts: 0, rejects: 0, runtime: 0.000s)
Info    : Deleting instances not driving any primary outputs. [GLO-34]
        : Deleting 25 sequential instances.
        : Optimizations such as constant propagation or redundancy removal could change the connections so a hierarchical instance does not drive any primary outputs anymore. To see the list of deleted hierarchical instances, set the 'information_level' attribute to 2 or above. If the message is truncated set the message attribute 'truncate' to false to see the complete list. To prevent this optimization, set the 'delete_unloaded_insts' root/subdesign attribute to 'false' or 'preserve' instance attribute to 'true'.
Current PLE settings:

Aspect ratio        : 1.000
Shrink factor       : 1.000
Scale of res/length : 1.000
Scale of cap/length : 1.000
Net derating factor : 1.000
Thermal factor      : 1.324
Via Resistance      : 0.600 ohm (from qrc_tech_file)
Site size           : 1.910 um (from lef [tech+cell])

                                    Capacitance  
   Layer                             / Length         Data source:
 Name        Direction Utilization  (pF/micron)       qrc_tech_file
-------------------------------------------------
metal1_conn      H         0.00        0.000367  
metal2_conn      V         1.00        0.000317  
metal3_conn      H         1.00        0.000315  
metal4_conn      V         1.00        0.000317  
metal5_conn      H         1.00        0.000317  
metal6_conn      V         1.00        0.000318  
metal7_conn      H         1.00        0.000318  
metal8_conn      V         1.00        0.000315  
metal9_conn      H         1.00        0.001752  
metal10_conn     V         1.00        0.000854  
metal11_conn     H         1.00        0.000739  

                                     Resistance   
   Layer                              / Length         Data source:
 Name        Direction Utilization  (ohm/micron)       qrc_tech_file
--------------------------------------------------
metal1_conn      H         0.00         1.900028  
metal2_conn      V         1.00         1.183743  
metal3_conn      H         1.00         1.183743  
metal4_conn      V         1.00         1.183743  
metal5_conn      H         1.00         1.183743  
metal6_conn      V         1.00         1.183743  
metal7_conn      H         1.00         1.183743  
metal8_conn      V         1.00         0.432387  
metal9_conn      H         1.00         0.432387  
metal10_conn     V         1.00         0.157232  
metal11_conn     H         1.00         0.158932  

                                         Area     
   Layer                               / Length        Data source:
 Name        Direction Utilization     (micron)        lef_library
--------------------------------------------------
Metal1           H         0.00         0.060000  
Metal2           V         1.00         0.080000  
Metal3           H         1.00         0.080000  
Metal4           V         1.00         0.080000  
Metal5           H         1.00         0.080000  
Metal6           V         1.00         0.080000  
Metal7           H         1.00         0.080000  
Metal8           V         1.00         0.080000  
Metal9           H         1.00         0.080000  
Metal10          V         1.00         0.220000  
Metal11          H         1.00         0.220000  

Info    : Synthesizing. [SYNTH-1]
        : Synthesizing 'multiplier32FP' to generic gates using 'medium' effort.
PBS_Generic-Start - Elapsed_Time 0, CPU_Time 0.0
stamp 'PBS_Generic-Start' being created for table 'pbs_debug'

  Total Time (Wall) |  Stage Time (Wall)  |   % (Wall)   |    Date - Time     |  Memory   | Stage
--------------------+---------------------+--------------+--------------------+-----------+----------------------
 00:00:06(00:00:06) |  00:00:00(00:00:00) |   0.0(  0.0) |   12:36:02 (Mar26) |  485.4 MB | PBS_Generic-Start
--------------------+---------------------+--------------+--------------------+-----------+----------------------
Number of threads: 8 * 1   (id: pbs_debug, time_info v1.57)
Info: (*N*) indicates data that was populated from previously saved time_info database
Info: CPU time includes time of parent + longest thread
TNS Restructuring config: no_value at stage: generic applied.
Info    : Partition Based Synthesis execution skipped. [PHYS-752]
        : Design size is less than the partition size '100000' for distributed generic optimization to kick in.
Starting mux data reorder optimization [v1.0] (stage: pre_to_gen_setup, startdef: multiplier32FP, recur: true)
Completed mux data reorder optimization (accepts: 0, rejects: 0, runtime: 0.001s)
Starting mux data reorder optimization [v1.0] (stage: post_to_gen_setup, startdef: multiplier32FP, recur: true)
Completed mux data reorder optimization (accepts: 0, rejects: 0, runtime: 0.001s)
Current PLE settings:

Aspect ratio        : 1.000
Shrink factor       : 1.000
Scale of res/length : 1.000
Scale of cap/length : 1.000
Net derating factor : 1.000
Thermal factor      : 1.324
Via Resistance      : 0.600 ohm (from qrc_tech_file)
Site size           : 1.910 um (from lef [tech+cell])

                                    Capacitance  
   Layer                             / Length         Data source:
 Name        Direction Utilization  (pF/micron)       qrc_tech_file
-------------------------------------------------
metal1_conn      H         0.00        0.000367  
metal2_conn      V         1.00        0.000317  
metal3_conn      H         1.00        0.000315  
metal4_conn      V         1.00        0.000317  
metal5_conn      H         1.00        0.000317  
metal6_conn      V         1.00        0.000318  
metal7_conn      H         1.00        0.000318  
metal8_conn      V         1.00        0.000315  
metal9_conn      H         1.00        0.001752  
metal10_conn     V         1.00        0.000854  
metal11_conn     H         1.00        0.000739  

                                     Resistance   
   Layer                              / Length         Data source:
 Name        Direction Utilization  (ohm/micron)       qrc_tech_file
--------------------------------------------------
metal1_conn      H         0.00         1.900028  
metal2_conn      V         1.00         1.183743  
metal3_conn      H         1.00         1.183743  
metal4_conn      V         1.00         1.183743  
metal5_conn      H         1.00         1.183743  
metal6_conn      V         1.00         1.183743  
metal7_conn      H         1.00         1.183743  
metal8_conn      V         1.00         0.432387  
metal9_conn      H         1.00         0.432387  
metal10_conn     V         1.00         0.157232  
metal11_conn     H         1.00         0.158932  

                                         Area     
   Layer                               / Length        Data source:
 Name        Direction Utilization     (micron)        lef_library
--------------------------------------------------
Metal1           H         0.00         0.060000  
Metal2           V         1.00         0.080000  
Metal3           H         1.00         0.080000  
Metal4           V         1.00         0.080000  
Metal5           H         1.00         0.080000  
Metal6           V         1.00         0.080000  
Metal7           H         1.00         0.080000  
Metal8           V         1.00         0.080000  
Metal9           H         1.00         0.080000  
Metal10          V         1.00         0.220000  
Metal11          H         1.00         0.220000  

Running Unified Mux Engine Tricks...
Completed Unified Mux Engine Tricks
--------------------------------------------
| Trick | Accepts | Rejects | Runtime (ms) | 
--------------------------------------------
--------------------------------------------
Starting datapath recasting [v1.0] (stage: pre_rtlopt, startdef: multiplier32FP, recur: true)
Completed datapath recasting (accepts: 0, rejects: 0, runtime: 0.000s)
Starting infer macro optimization [v1.0] (stage: pre_rtlopt, startdef: multiplier32FP, recur: true)
Completed infer macro optimization (accepts: 0, rejects: 1, runtime: 0.001s)
Starting decode mux sandwich optimization [v2.0] (stage: pre_rtlopt, startdef: multiplier32FP, recur: true)
Completed decode mux sandwich optimization (accepts: 0, rejects: 0, runtime: 0.000s)
Starting decode mux optimization [v1.0] (stage: pre_rtlopt, startdef: multiplier32FP, recur: true)
Completed decode mux optimization (accepts: 0, rejects: 0, runtime: 0.000s)
Starting chop wide muxes [v1.0] (stage: pre_rtlopt, startdef: multiplier32FP, recur: true)
Completed chop wide muxes (accepts: 0, rejects: 0, runtime: 0.001s)
Starting common data mux cascade opt [v1.0] (stage: pre_rtlopt, startdef: multiplier32FP, recur: true)
Completed common data mux cascade opt (accepts: 0, rejects: 0, runtime: 0.000s)
Starting mux input consolidation [v1.0] (stage: pre_rtlopt, startdef: multiplier32FP, recur: true)
Completed mux input consolidation (accepts: 0, rejects: 0, runtime: 0.000s)
Starting priority mux optimization [v1.0] (stage: pre_rtlopt, startdef: multiplier32FP, recur: true)
Completed priority mux optimization (accepts: 0, rejects: 0, runtime: 0.054s)
Starting constant-data mux optimization [v1.0] (stage: pre_rtlopt, startdef: multiplier32FP, recur: true)
Completed constant-data mux optimization (accepts: 0, rejects: 0, runtime: 0.000s)
Starting chain-to-tree inequality transform [v2.0] (stage: pre_rtlopt, startdef: multiplier32FP, recur: true)
Completed chain-to-tree inequality transform (accepts: 0, rejects: 0, runtime: 0.003s)
Starting reconvergence optimization [v1.0] (stage: pre_rtlopt, startdef: multiplier32FP, recur: true)
Completed reconvergence optimization (accepts: 0, rejects: 0, runtime: 0.000s)
Starting logic restructure optimization [v1.0] (stage: pre_rtlopt, startdef: multiplier32FP, recur: true)
Completed logic restructure optimization (accepts: 0, rejects: 0, runtime: 0.000s)
Starting common select mux optimization [v1.0] (stage: pre_rtlopt, startdef: multiplier32FP, recur: true)
Completed common select mux optimization (accepts: 0, rejects: 1, runtime: 0.000s)
Starting identity transform [v3.0] (stage: pre_rtlopt, startdef: multiplier32FP, recur: true)
Completed identity transform (accepts: 0, rejects: 1, runtime: 0.000s)
Starting reduce operator chain [v1.0] (stage: pre_rtlopt, startdef: multiplier32FP, recur: true)
Completed reduce operator chain (accepts: 0, rejects: 0, runtime: 0.000s)
Starting common data mux cascade opt [v1.0] (stage: pre_rtlopt, startdef: multiplier32FP, recur: true)
Completed common data mux cascade opt (accepts: 0, rejects: 0, runtime: 0.000s)
Starting mux input consolidation [v1.0] (stage: pre_rtlopt, startdef: multiplier32FP, recur: true)
Completed mux input consolidation (accepts: 0, rejects: 0, runtime: 0.000s)
Starting optimize datapath elements [v1.0] (stage: pre_rtlopt, startdef: multiplier32FP, recur: true)
Completed optimize datapath elements (accepts: 4, rejects: 0, runtime: 0.001s)
Starting clip mux common data inputs [v1.0] (stage: pre_rtlopt, startdef: multiplier32FP, recur: true)
Completed clip mux common data inputs (accepts: 0, rejects: 0, runtime: 0.000s)
Starting clip the non-user hierarchies [v2.0] (stage: pre_rtlopt, startdef: multiplier32FP, recur: true)
Completed clip the non-user hierarchies (accepts: 0, rejects: 0, runtime: 0.000s)
Running Unified Mux Engine Tricks...
Completed Unified Mux Engine Tricks
--------------------------------------------------
| Trick       | Accepts | Rejects | Runtime (ms) | 
--------------------------------------------------
| ume_runtime |       0 |       0 |         0.00 | 
--------------------------------------------------
Number of big hc bmuxes before = 0
Number of non-ctl's : 2
g24 mux_next_state_72_15 
SOP DEBUG : Module= multiplier32FP, Cluster= ctl_current_state_72_15, ctl= 1, Non-ctl= 2
Selected impl_type 1 (pla_form1 (optimized)) for sop cluster ctl_current_state_72_15.
Info    : Pre-processed datapath logic. [DPOPT-6]
        : Pre-processing optimizations applied to datapath logic in 'multiplier32FP':
          live_trim(2) sop(1) 
Info    : Optimizing datapath logic. [DPOPT-1]
        : Optimizing datapath logic in 'multiplier32FP'.
Info    : Implementing datapath configurations. [DPOPT-3]
        : Implementing datapath configurations for 'CDN_DP_region_0_1'
CSAGen Prep Share:0 Re-Write:0 Speculation: 0
CDN_DP_region_0_1 level = 0 loads = 0 drivers = 0
CDN_DP_region_0_1_c0 in multiplier32FP: area: 2473093665 ,dp = 0 mux = 5 sg = slow         worst_clk_period: 0.0000 
    wns: 0  norm_wns:  0.0000 
    fail_endp: 0 
    tns:  0  tns_per_endp:  0.0000   norm_tns_per_endp:  0.0000 
    tns_sense_max:  0.0000  tns_sense_avg:  0.0000   tns_sense_num: 0
 skipped
CDN_DP_region_0_1_c1 in multiplier32FP: area: 2473093665 ,dp = 0 mux = 5 sg = fast         worst_clk_period: 0.0000 
    wns: 0  norm_wns:  0.0000 
    fail_endp: 0 
    tns:  0  tns_per_endp:  0.0000   norm_tns_per_endp:  0.0000 
    tns_sense_max:  0.0000  tns_sense_avg:  0.0000   tns_sense_num: 0
 is current best
CDN_DP_region_0_1_c2 in multiplier32FP: area: 2473093665 ,dp = 0 mux = 5 sg = very_slow    worst_clk_period: 0.0000 
    wns: 0  norm_wns:  0.0000 
    fail_endp: 0 
    tns:  0  tns_per_endp:  0.0000   norm_tns_per_endp:  0.0000 
    tns_sense_max:  0.0000  tns_sense_avg:  0.0000   tns_sense_num: 0
 is current best
CDN_DP_region_0_1_c3 in multiplier32FP: area: 2473093665 ,dp = 0 mux = 5 sg = very_fast    worst_clk_period: 0.0000 
    wns: 0  norm_wns:  0.0000 
    fail_endp: 0 
    tns:  0  tns_per_endp:  0.0000   norm_tns_per_endp:  0.0000 
    tns_sense_max:  0.0000  tns_sense_avg:  0.0000   tns_sense_num: 0
 is current best
CDN_DP_region_0_1_c4 in multiplier32FP: area: 2473093665 ,dp = 0 mux = 5 sg = very_fast    worst_clk_period: 0.0000 
    wns: 0  norm_wns:  0.0000 
    fail_endp: 0 
    tns:  0  tns_per_endp:  0.0000   norm_tns_per_endp:  0.0000 
    tns_sense_max:  0.0000  tns_sense_avg:  0.0000   tns_sense_num: 0
 is current best
CDN_DP_region_0_1_c5 in multiplier32FP: area: 2473093665 ,dp = 0 mux = 5 sg = very_fast    worst_clk_period: 0.0000 
    wns: 0  norm_wns:  0.0000 
    fail_endp: 0 
    tns:  0  tns_per_endp:  0.0000   norm_tns_per_endp:  0.0000 
    tns_sense_max:  0.0000  tns_sense_avg:  0.0000   tns_sense_num: 0
 is current best
CDN_DP_region_0_1_c6 in multiplier32FP: area: 2473093665 ,dp = 0 mux = 5 sg = very_fast    worst_clk_period: 0.0000 
    wns: 0  norm_wns:  0.0000 
    fail_endp: 0 
    tns:  0  tns_per_endp:  0.0000   norm_tns_per_endp:  0.0000 
    tns_sense_max:  0.0000  tns_sense_avg:  0.0000   tns_sense_num: 0
 is current best
CDN_DP_region_0_1_c7 in multiplier32FP: area: 2473093665 ,dp = 0 mux = 5 sg = very_fast    worst_clk_period: 0.0000 
    wns: 0  norm_wns:  0.0000 
    fail_endp: 0 
    tns:  0  tns_per_endp:  0.0000   norm_tns_per_endp:  0.0000 
    tns_sense_max:  0.0000  tns_sense_avg:  0.0000   tns_sense_num: 0
 is current best
Best config: CDN_DP_region_0_1_c7 in multiplier32FP: area: 2473093665 ,dp = 0 mux = 5 sg = very_fast    worst_clk_period: 0.0000 
    wns: 0  norm_wns:  0.0000 
    fail_endp: 0 
    tns:  0  tns_per_endp:  0.0000   norm_tns_per_endp:  0.0000 
    tns_sense_max:  0.0000  tns_sense_avg:  0.0000   tns_sense_num: 0
  Smallest config area : 2473093665.  Fastest config wns;  0
##>+----------------------------------------------------------------------------------------------------------------------------------------------------------------+
##>Summary table of configs (Best config is CDN_DP_region_0_1_c7)
##>+----------------------------------------------------------------------------------------------------------------------------------------------------------------+
##>                     0                  1                  2                  3                  4                  5                  6                  7            
##>+----------------------------------------------------------------------------------------------------------------------------------------------------------------+
##>           Area       2473093665         2473093665         2473093665         2473093665         2473093665         2473093665         2473093665         2473093665  
##>            WNS        +47742.80          +47742.80          +47742.80          +47742.80          +47742.80          +47742.80          +47742.80          +47742.80  
##>            TNS                0                  0                  0                  0                  0                  0                  0                  0  
##>    Num Rewrite                0                  0                  0                  0                  0                  0                  0                  0  
##>     Num Factor                0                  0                  0                  0                  0                  0                  0                  0  
##>      Num Share                0                  0                  0                  0                  0                  0                  0                  0  
##>   Num CmultCse                0                  0                  0                  0                  0                  0                  0                  0  
##>   Num Downsize                0                  0                  0                  0                  0                  0                  0                  0  
##>  Num Speculate                0                  0                  0                  0                  0                  0                  0                  0  
##>     Runtime(s)                0                  0                  0                  0                  0                  0                  0                  0  
+----------------------------------------------------------------------------------------------------------------------------------------------------------------+
##>
##>
##>+------------------------------------------------------------------------------------------------------------------------------------------------------------+
##>Optimization Step DEBUG Table for config CDN_DP_region_0_1_c7
##>
##>                          Step                        Area   ( % Chg)        WNS (Change)        TNS (Change)          Runtime (s)        Comment                   
##>+------------------------------------------------------------------------------------------------------------------------------------------------------------+
##>EquationExtraction              START             2473093665 (      )    47742.80 (        )             0 (        )              
##>                                  END             2473093665 ( +0.00)    47742.80 (   +0.00)             0 (       0)           0  
##>createMaxCarrySave              START             2473093665 ( +0.00)    47742.80 (   +0.00)             0 (       0)              
##> datapath_rewrite_one_def       START             2473093665 ( +0.00)    47742.80 (   +0.00)             0 (       0)              
##>                                  END             2473093665 ( +0.00)    47742.80 (   +0.00)             0 (       0)           0  
##> csa_opto                       START             2473093665 ( +0.00)    47742.80 (   +0.00)             0 (       0)              
##>                                  END             2473093665 ( +0.00)    47742.80 (   +0.00)             0 (       0)           0  
##>                                  END             2473093665 ( +0.00)    47742.80 (   +0.00)             0 (       0)           0  
##>canonicalize_by_names           START             2473093665 ( +0.00)    47742.80 (   +0.00)             0 (       0)              
##>                                  END             2473093665 ( +0.00)    47742.80 (   +0.00)             0 (       0)           0  
##>datapath_rewrite_post_csa_one_  START             2473093665 ( +0.00)    47742.80 (   +0.00)             0 (       0)              
##>                                  END             2473093665 ( +0.00)    47742.80 (   +0.00)             0 (       0)           0  
##>datapath_csa_factoring_one_gde  START             2473093665 ( +0.00)    47742.80 (   +0.00)             0 (       0)              
##>                                  END             2473093665 ( +0.00)    47742.80 (   +0.00)             0 (       0)           0  
##>dpopt_share_one_def             START             2473093665 ( +0.00)    47742.80 (   +0.00)             0 (       0)              
##>                                  END             2473093665 ( +0.00)    47742.80 (   +0.00)             0 (       0)           0  
##>datapath_rewrite_post_share     START             2473093665 ( +0.00)    47742.80 (   +0.00)             0 (       0)              
##>                                  END             2473093665 ( +0.00)    47742.80 (   +0.00)             0 (       0)           0  
##>dp_combine_const_mult_with_com  START             2473093665 ( +0.00)    47742.80 (   +0.00)             0 (       0)              
##>                                  END             2473093665 ( +0.00)    47742.80 (   +0.00)             0 (       0)           0  
##>dp_operator_level_decompositio  START             2473093665 ( +0.00)    47742.80 (   +0.00)             0 (       0)              
##>                                  END             2473093665 ( +0.00)    47742.80 (   +0.00)             0 (       0)           0  
##>selective_flatten_dp_config     START             2473093665 ( +0.00)    47742.80 (   +0.00)             0 (       0)              
##>                                  END             2473093665 ( +0.00)    47742.80 (   +0.00)             0 (       0)           0  
##>createMaxCarrySave              START             2473093665 ( +0.00)    47742.80 (   +0.00)             0 (       0)              
##> datapath_rewrite_one_def       START             2473093665 ( +0.00)    47742.80 (   +0.00)             0 (       0)              
##>  fast_cse_elim                 START             2473093665 ( +0.00)    47742.80 (   +0.00)             0 (       0)              
##>                                  END             2473093665 ( +0.00)    47742.80 (   +0.00)             0 (       0)           0  
##>  fast_cse_elim                 START             2473093665 ( +0.00)    47742.80 (   +0.00)             0 (       0)              
##>                                  END             2473093665 ( +0.00)    47742.80 (   +0.00)             0 (       0)           0  
##>                                  END             2473093665 ( +0.00)    47742.80 (   +0.00)             0 (       0)           0  
##> csa_opto                       START             2473093665 ( +0.00)    47742.80 (   +0.00)             0 (       0)              
##>                                  END             2473093665 ( +0.00)    47742.80 (   +0.00)             0 (       0)           0  
##>                                  END             2473093665 ( +0.00)    47742.80 (   +0.00)             0 (       0)           0  
##>context_based_simplify          START             2473093665 ( +0.00)    47742.80 (   +0.00)             0 (       0)              
##>                                  END             2473093665 ( +0.00)    47742.80 (   +0.00)             0 (       0)           0  
##>group_csa_final_adder_dp        START             2473093665 ( +0.00)    47742.80 (   +0.00)             0 (       0)              
##>                                  END             2473093665 ( +0.00)    47742.80 (   +0.00)             0 (       0)           0  
##>dpopt_flatten_critical_muxes_i  START             2473093665 ( +0.00)    47742.80 (   +0.00)             0 (       0)              
##>                                  END             2473093665 ( +0.00)    47742.80 (   +0.00)             0 (       0)           0  
##>create_score                    START             2473093665 ( +0.00)    47742.80 (   +0.00)             0 (       0)              
##>                                  END             2473093665 ( +0.00)    47742.80 (   +0.00)             0 (       0)           0  
##>+------------------------------------------------------------------------------------------------------------------------------------------------------------+
Committed config: CDN_DP_region_0_1_c7
Info    : Done implementing datapath configurations. [DPOPT-4]
        : Selected 'very_fast' configuration 7 for module 'CDN_DP_region_0_1'.
          Optimizations applied to 'very_fast' configuration:
            rewriting(0), factoring(0), sharing(0), cmultcse(0), downsizing(0), speculation(0)
Info    : Implementing datapath configurations. [DPOPT-3]
        : Implementing datapath configurations for 'CDN_DP_region_0_0'
CSAGen Prep Share:0 Re-Write:0 Speculation: 0
MaxCSA: Successfully built Maximal CSA Expression Expr0
MaxCSA: Successfully built Maximal CSA Expression Expr1
Info    : Accepted resource sharing opportunity. [RTLOPT-30]
        : Merged the following sets of instances in 'CDN_DP_region_0_0_c7 in multiplier32FP':
	  (final_adder_SUB_TC_OP, final_adder_ADD_TC_OP_3)

CDN_DP_region_0_0 level = 0 loads = 0 drivers = 0
CDN_DP_region_0_0_c0 in multiplier32FP: area: 41300130060 ,dp = 4 mux = 4 sg = slow         worst_clk_period: 0.0000 
    wns: 0  norm_wns:  0.0000 
    fail_endp: 0 
    tns:  0  tns_per_endp:  0.0000   norm_tns_per_endp:  0.0000 
    tns_sense_max:  0.0000  tns_sense_avg:  0.0000   tns_sense_num: 0
 skipped
CDN_DP_region_0_0_c1 in multiplier32FP: area: 40712570010 ,dp = 2 mux = 3 sg = fast         worst_clk_period: 0.0000 
    wns: 0  norm_wns:  0.0000 
    fail_endp: 0 
    tns:  0  tns_per_endp:  0.0000   norm_tns_per_endp:  0.0000 
    tns_sense_max:  0.0000  tns_sense_avg:  0.0000   tns_sense_num: 0
 is current best
CDN_DP_region_0_0_c2 in multiplier32FP: area: 40712570010 ,dp = 2 mux = 3 sg = very_slow    worst_clk_period: 0.0000 
    wns: 0  norm_wns:  0.0000 
    fail_endp: 0 
    tns:  0  tns_per_endp:  0.0000   norm_tns_per_endp:  0.0000 
    tns_sense_max:  0.0000  tns_sense_avg:  0.0000   tns_sense_num: 0
 is current best
CDN_DP_region_0_0_c3 in multiplier32FP: area: 40712570010 ,dp = 2 mux = 3 sg = very_fast    worst_clk_period: 0.0000 
    wns: 0  norm_wns:  0.0000 
    fail_endp: 0 
    tns:  0  tns_per_endp:  0.0000   norm_tns_per_endp:  0.0000 
    tns_sense_max:  0.0000  tns_sense_avg:  0.0000   tns_sense_num: 0
 is current best
CDN_DP_region_0_0_c4 in multiplier32FP: area: 40712570010 ,dp = 2 mux = 3 sg = very_fast    worst_clk_period: 0.0000 
    wns: 0  norm_wns:  0.0000 
    fail_endp: 0 
    tns:  0  tns_per_endp:  0.0000   norm_tns_per_endp:  0.0000 
    tns_sense_max:  0.0000  tns_sense_avg:  0.0000   tns_sense_num: 0
 is current best
CDN_DP_region_0_0_c5 in multiplier32FP: area: 40712570010 ,dp = 2 mux = 3 sg = very_fast    worst_clk_period: 0.0000 
    wns: 0  norm_wns:  0.0000 
    fail_endp: 0 
    tns:  0  tns_per_endp:  0.0000   norm_tns_per_endp:  0.0000 
    tns_sense_max:  0.0000  tns_sense_avg:  0.0000   tns_sense_num: 0
 is current best
CDN_DP_region_0_0_c6 in multiplier32FP: area: 40712570010 ,dp = 2 mux = 3 sg = very_fast    worst_clk_period: 0.0000 
    wns: 0  norm_wns:  0.0000 
    fail_endp: 0 
    tns:  0  tns_per_endp:  0.0000   norm_tns_per_endp:  0.0000 
    tns_sense_max:  0.0000  tns_sense_avg:  0.0000   tns_sense_num: 0
 is current best
CDN_DP_region_0_0_c7 in multiplier32FP: area: 41230691145 ,dp = 4 mux = 6 sg = very_fast    worst_clk_period: 0.0000 
    wns: 0  norm_wns:  0.0000 
    fail_endp: 0 
    tns:  0  tns_per_endp:  0.0000   norm_tns_per_endp:  0.0000 
    tns_sense_max:  0.0000  tns_sense_avg:  0.0000   tns_sense_num: 0

Best config: CDN_DP_region_0_0_c6 in multiplier32FP: area: 40712570010 ,dp = 2 mux = 3 sg = very_fast    worst_clk_period: 0.0000 
    wns: 0  norm_wns:  0.0000 
    fail_endp: 0 
    tns:  0  tns_per_endp:  0.0000   norm_tns_per_endp:  0.0000 
    tns_sense_max:  0.0000  tns_sense_avg:  0.0000   tns_sense_num: 0
  Smallest config area : 40712570010.  Fastest config wns;  0
##>+----------------------------------------------------------------------------------------------------------------------------------------------------------------+
##>Summary table of configs (Best config is CDN_DP_region_0_0_c6)
##>+----------------------------------------------------------------------------------------------------------------------------------------------------------------+
##>                     0                  1                  2                  3                  4                  5                  6                  7            
##>+----------------------------------------------------------------------------------------------------------------------------------------------------------------+
##>           Area      41300130060        40712570010        40712570010        40712570010        40712570010        40712570010        40712570010        41230691145  
##>            WNS    +214748364.70      +214748364.70      +214748364.70      +214748364.70      +214748364.70      +214748364.70      +214748364.70      +214748364.70  
##>            TNS                0                  0                  0                  0                  0                  0                  0                  0  
##>    Num Rewrite                0                  2                  2                  2                  2                  2                  2                  0  
##>     Num Factor                0                  0                  0                  0                  0                  0                  0                  0  
##>      Num Share                0                  0                  0                  0                  0                  0                  0                  1  
##>   Num CmultCse                0                  0                  0                  0                  0                  0                  0                  0  
##>   Num Downsize                0                  0                  0                  0                  0                  0                  0                  0  
##>  Num Speculate                0                  0                  0                  0                  0                  0                  0                  0  
##>     Runtime(s)                0                  0                  0                  0                  0                  0                  0                  1  
+----------------------------------------------------------------------------------------------------------------------------------------------------------------+
##>
##>
##>+------------------------------------------------------------------------------------------------------------------------------------------------------------+
##>Optimization Step DEBUG Table for config CDN_DP_region_0_0_c6
##>
##>                          Step                        Area   ( % Chg)        WNS (Change)        TNS (Change)          Runtime (s)        Comment                   
##>+------------------------------------------------------------------------------------------------------------------------------------------------------------+
##>createMaxCarrySave              START            41300130060 (      )    214748364.70 (        )             0 (        )              
##> datapath_rewrite_one_def       START            41300130060 ( +0.00)    214748364.70 (   +0.00)             0 (       0)              
##>  fast_cse_elim                 START            41300130060 ( +0.00)    214748364.70 (   +0.00)             0 (       0)              
##>                                  END            41300130060 ( +0.00)    214748364.70 (   +0.00)             0 (       0)           0  
##>  fast_cse_elim                 START            41300130060 ( +0.00)    214748364.70 (   +0.00)             0 (       0)              
##>                                  END            41300130060 ( +0.00)    214748364.70 (   +0.00)             0 (       0)           0  
##>  rewrite                       START            41300130060 ( +0.00)    214748364.70 (   +0.00)             0 (       0)              (a,csaa) inc_with_select --> inc_ci
##>                                  END            41107837680 ( -0.47)    214748364.70 (   +0.00)             0 (       0)           0  
##>  fast_cse_elim                 START            41107837680 ( +0.00)    214748364.70 (   +0.00)             0 (       0)              
##>                                  END            41107837680 ( +0.00)    214748364.70 (   +0.00)             0 (       0)           0  
##>  fast_cse_elim                 START            41107837680 ( +0.00)    214748364.70 (   +0.00)             0 (       0)              
##>                                  END            41107837680 ( +0.00)    214748364.70 (   +0.00)             0 (       0)           0  
##>                                  END            41107837680 ( -0.47)    214748364.70 (   +0.00)             0 (       0)           0  
##> dpopt_share_one_def            START            41107837680 ( +0.00)    214748364.70 (   +0.00)             0 (       0)              
##>                                  END            41107837680 ( +0.00)    214748364.70 (   +0.00)             0 (       0)           0  
##> csa_opto                       START            41107837680 ( +0.00)    214748364.70 (   +0.00)             0 (       0)              
##>                                  END            40792691835 ( -0.77)    214748364.70 (   +0.00)             0 (       0)           0  
##>                                  END            40792691835 ( -1.23)    214748364.70 (   +0.00)             0 (       0)           0  
##>canonicalize_by_names           START            40792691835 ( +0.00)    214748364.70 (   +0.00)             0 (       0)              
##>                                  END            40792691835 ( +0.00)    214748364.70 (   +0.00)             0 (       0)           0  
##>datapath_rewrite_post_csa_one_  START            40792691835 ( +0.00)    214748364.70 (   +0.00)             0 (       0)              
##> rewrite                        START            40792691835 ( +0.00)    214748364.70 (   +0.00)             0 (       0)              (a,ar) csa_add_and_inc_v2 --> csa_add_ci
##>                                  END            40712570010 ( -0.20)    214748364.70 (   +0.00)             0 (       0)           0  
##>                                  END            40712570010 ( -0.20)    214748364.70 (   +0.00)             0 (       0)           0  
##>datapath_csa_factoring_one_gde  START            40712570010 ( +0.00)    214748364.70 (   +0.00)             0 (       0)              
##>                                  END            40712570010 ( +0.00)    214748364.70 (   +0.00)             0 (       0)           0  
##>dpopt_share_one_def             START            40712570010 ( +0.00)    214748364.70 (   +0.00)             0 (       0)              
##>                                  END            40712570010 ( +0.00)    214748364.70 (   +0.00)             0 (       0)           0  
##>datapath_rewrite_post_share     START            40712570010 ( +0.00)    214748364.70 (   +0.00)             0 (       0)              
##>                                  END            40712570010 ( +0.00)    214748364.70 (   +0.00)             0 (       0)           0  
##>dp_combine_const_mult_with_com  START            40712570010 ( +0.00)    214748364.70 (   +0.00)             0 (       0)              
##>                                  END            40712570010 ( +0.00)    214748364.70 (   +0.00)             0 (       0)           0  
##>dp_operator_level_decompositio  START            40712570010 ( +0.00)    214748364.70 (   +0.00)             0 (       0)              
##>                                  END            40712570010 ( +0.00)    214748364.70 (   +0.00)             0 (       0)           0  
##>selective_flatten_dp_config     START            40712570010 ( +0.00)    214748364.70 (   +0.00)             0 (       0)              
##>                                  END            40712570010 ( +0.00)    214748364.70 (   +0.00)             0 (       0)           0  
##>createMaxCarrySave              START            40712570010 ( +0.00)    214748364.70 (   +0.00)             0 (       0)              
##> datapath_rewrite_one_def       START            40712570010 ( +0.00)    214748364.70 (   +0.00)             0 (       0)              
##>  fast_cse_elim                 START            40712570010 ( +0.00)    214748364.70 (   +0.00)             0 (       0)              
##>                                  END            40712570010 ( +0.00)    214748364.70 (   +0.00)             0 (       0)           0  
##>  fast_cse_elim                 START            40712570010 ( +0.00)    214748364.70 (   +0.00)             0 (       0)              
##>                                  END            40712570010 ( +0.00)    214748364.70 (   +0.00)             0 (       0)           0  
##>                                  END            40712570010 ( +0.00)    214748364.70 (   +0.00)             0 (       0)           0  
##> dpopt_share_one_def            START            40712570010 ( +0.00)    214748364.70 (   +0.00)             0 (       0)              
##>                                  END            40712570010 ( +0.00)    214748364.70 (   +0.00)             0 (       0)           0  
##> csa_opto                       START            40712570010 ( +0.00)    214748364.70 (   +0.00)             0 (       0)              
##>                                  END            40712570010 ( +0.00)    214748364.70 (   +0.00)             0 (       0)           0  
##>                                  END            40712570010 ( +0.00)    214748364.70 (   +0.00)             0 (       0)           0  
##>datapath_rewrite_post_csa_one_  START            40712570010 ( +0.00)    214748364.70 (   +0.00)             0 (       0)              
##>                                  END            40712570010 ( +0.00)    214748364.70 (   +0.00)             0 (       0)           0  
##>datapath_csa_factoring_one_gde  START            40712570010 ( +0.00)    214748364.70 (   +0.00)             0 (       0)              
##>                                  END            40712570010 ( +0.00)    214748364.70 (   +0.00)             0 (       0)           0  
##>dpopt_share_one_def             START            40712570010 ( +0.00)    214748364.70 (   +0.00)             0 (       0)              
##>                                  END            40712570010 ( +0.00)    214748364.70 (   +0.00)             0 (       0)           0  
##>datapath_rewrite_post_share     START            40712570010 ( +0.00)    214748364.70 (   +0.00)             0 (       0)              
##>                                  END            40712570010 ( +0.00)    214748364.70 (   +0.00)             0 (       0)           0  
##>dp_combine_const_mult_with_com  START            40712570010 ( +0.00)    214748364.70 (   +0.00)             0 (       0)              
##>                                  END            40712570010 ( +0.00)    214748364.70 (   +0.00)             0 (       0)           0  
##>dp_operator_level_decompositio  START            40712570010 ( +0.00)    214748364.70 (   +0.00)             0 (       0)              
##>                                  END            40712570010 ( +0.00)    214748364.70 (   +0.00)             0 (       0)           0  
##>selective_flatten_dp_config     START            40712570010 ( +0.00)    214748364.70 (   +0.00)             0 (       0)              
##>                                  END            40712570010 ( +0.00)    214748364.70 (   +0.00)             0 (       0)           0  
##>createMaxCarrySave              START            40712570010 ( +0.00)    214748364.70 (   +0.00)             0 (       0)              
##> datapath_rewrite_one_def       START            40712570010 ( +0.00)    214748364.70 (   +0.00)             0 (       0)              
##>  fast_cse_elim                 START            40712570010 ( +0.00)    214748364.70 (   +0.00)             0 (       0)              
##>                                  END            40712570010 ( +0.00)    214748364.70 (   +0.00)             0 (       0)           0  
##>  fast_cse_elim                 START            40712570010 ( +0.00)    214748364.70 (   +0.00)             0 (       0)              
##>                                  END            40712570010 ( +0.00)    214748364.70 (   +0.00)             0 (       0)           0  
##>                                  END            40712570010 ( +0.00)    214748364.70 (   +0.00)             0 (       0)           0  
##> dpopt_share_one_def            START            40712570010 ( +0.00)    214748364.70 (   +0.00)             0 (       0)              
##>                                  END            40712570010 ( +0.00)    214748364.70 (   +0.00)             0 (       0)           0  
##> csa_opto                       START            40712570010 ( +0.00)    214748364.70 (   +0.00)             0 (       0)              
##>                                  END            40712570010 ( +0.00)    214748364.70 (   +0.00)             0 (       0)           0  
##>                                  END            40712570010 ( +0.00)    214748364.70 (   +0.00)             0 (       0)           0  
##>context_based_simplify          START            40712570010 ( +0.00)    214748364.70 (   +0.00)             0 (       0)              
##>                                  END            40712570010 ( +0.00)    214748364.70 (   +0.00)             0 (       0)           0  
##>group_csa_final_adder_dp        START            40712570010 ( +0.00)    214748364.70 (   +0.00)             0 (       0)              
##>                                  END            40712570010 ( +0.00)    214748364.70 (   +0.00)             0 (       0)           0  
##>dpopt_flatten_critical_muxes_i  START            40712570010 ( +0.00)    214748364.70 (   +0.00)             0 (       0)              
##>                                  END            40712570010 ( +0.00)    214748364.70 (   +0.00)             0 (       0)           0  
##>create_score                    START            40712570010 ( +0.00)    214748364.70 (   +0.00)             0 (       0)              
##>                                  END            40712570010 ( +0.00)    214748364.70 (   +0.00)             0 (       0)           0  
##>+------------------------------------------------------------------------------------------------------------------------------------------------------------+
Committed config: CDN_DP_region_0_0_c6
Info    : Done implementing datapath configurations. [DPOPT-4]
        : Selected 'very_fast' configuration 6 for module 'CDN_DP_region_0_0'.
          Optimizations applied to 'very_fast' configuration:
            rewriting(2), factoring(0), sharing(0), cmultcse(0), downsizing(0), speculation(0)
Info    : Done optimizing datapath logic. [DPOPT-2]
        : Done optimizing datapath logic in 'multiplier32FP'.
Number of big hc bmuxes after = 0
Starting logic reduction [v1.0] (stage: post_rtlopt, startdef: multiplier32FP, recur: true)
Completed logic reduction (accepts: 0, rejects: 0, runtime: 0.000s)
Starting mux data reorder optimization [v1.0] (stage: post_rtlopt, startdef: multiplier32FP, recur: true)
Completed mux data reorder optimization (accepts: 0, rejects: 0, runtime: 0.000s)
Starting mux speculation [v1.0] (stage: post_muxopt, startdef: multiplier32FP, recur: true)
Starting speculation optimization
Completed speculation optimization (accepts:0)
Completed mux speculation (accepts: 0, rejects: 0, runtime: 0.043s)
==================================
Stage : to_generic 
==================================
  =================
   Message Summary
  =================
----------------------------------------------------------------------------------------------------------------------------------------------------------------------------------------
|     Id     |  Sev   |Count |                                                                      Message Text                                                                       |
----------------------------------------------------------------------------------------------------------------------------------------------------------------------------------------
| CDFG-372   |Info    |    7 |Bitwidth mismatch in assignment.                                                                                                                         |
|            |        |      |Review and make sure the mismatch is unintentional. Genus can possibly issue bitwidth mismatch warning for explicit assignments present in RTL           |
|            |        |      | as-well-as for implicit assignments inferred by the tool. For example, in case of enum declaration without value, the tool will implicitly assign value |
|            |        |      | to the enum variables. It also issues the warning for any bitwidth mismatch that appears in this implicit assignment.                                   |
| CDFG-508   |Warning |    2 |Removing unused register.                                                                                                                                |
|            |        |      |Genus removes the flip-flop or latch inferred for an unused signal or variable. To preserve the flip-flop or latch, set the                              |
|            |        |      | hdl_preserve_unused_registers attribute to true or use a pragma in the RTL.                                                                             |
| CDFG-738   |Info    |    1 |Common subexpression eliminated.                                                                                                                         |
| CDFG-739   |Info    |    1 |Common subexpression kept.                                                                                                                               |
| CDFG-769   |Info    |    1 |Identified sum-of-products logic to be optimized during syn_generic.                                                                                     |
| CDFG-773   |Info    |    1 |Skip related conditional write and read sequence.                                                                                                        |
| CDFG2G-615 |Warning |    2 |Generated logic differs from the expected logic.                                                                                                         |
|            |        |      |The logic generated for an always_comb, always_latch or always_ff process may not match the behavior specified in the input HDL.                         |
| CDFG2G-616 |Info    |    2 |Latch inferred. Check and revisit your RTL if this is not the intended behavior.                                                                         |
|            |        |      |Use the attributes 'set_attribute hdl_error_on_latch true'(LUI) or 'set_db hdl_error_on_latch true' (CUI)                                                |
|            |        |      | to issue an error when a latch is inferred. Use the attributes 'set_attributes hdl_latch_keep_feedback true'(LUI)                                       |
|            |        |      | or 'set_db hdl_latch_keep_feedback true'(CUI) to infer combinational logic rather than a latch in case a variable is explicitly assigned to itself.     |
| CWD-19     |Info    |   49 |An implementation was inferred.                                                                                                                          |
| DFT-100    |Info    |    4 |Added DFT object.                                                                                                                                        |
| DFT-130    |Info    |    1 |Created DFT port.                                                                                                                                        |
|            |        |      |A port for DFT purposes was created.                                                                                                                     |
| DFT-303    |Info    |    1 |Auto detection of Async control signal. By default, all Async set and reset control signals of flops are identified automatically and an automatically   |
|            |        |      | generated test signal is added to the DFT setup, if no test signal is defined for them, yet.                                                            |
|            |        |      |If you do not want Async set and reset signals to be defined as test signals automatically, set the attribute dft_identify_test_signals to false.        |
| DPOPT-1    |Info    |    1 |Optimizing datapath logic.                                                                                                                               |
| DPOPT-2    |Info    |    1 |Done optimizing datapath logic.                                                                                                                          |
| DPOPT-3    |Info    |    2 |Implementing datapath configurations.                                                                                                                    |
| DPOPT-4    |Info    |    2 |Done implementing datapath configurations.                                                                                                               |
| DPOPT-6    |Info    |    1 |Pre-processed datapath logic.                                                                                                                            |
| ELAB-1     |Info    |    1 |Elaborating Design.                                                                                                                                      |
| ELAB-3     |Info    |    1 |Done Elaborating Design.                                                                                                                                 |
| GLO-34     |Info    |    1 |Deleting instances not driving any primary outputs.                                                                                                      |
|            |        |      |Optimizations such as constant propagation or redundancy removal could change the connections so a hierarchical instance does not drive any primary      |
|            |        |      | outputs anymore. To see the list of deleted hierarchical instances, set the 'information_level' attribute to 2 or above. If the message is truncated    |
|            |        |      | set the message attribute 'truncate' to false to see the complete list. To prevent this optimization, set the 'delete_unloaded_insts' root/subdesign    |
|            |        |      | attribute to 'false' or 'preserve' instance attribute to 'true'.                                                                                        |
| LBR-9      |Warning |   40 |Library cell has no output pins defined.                                                                                                                 |
|            |        |      |Add the missing output pin(s)                                                                                                                            |
|            |        |      | , then reload the library. Else the library cell will be marked as timing model i.e. unusable. Timing_model means that the cell does not have any       |
|            |        |      | defined function. If there is no output pin, Genus will mark library cell as unusable i.e. the attribute 'usable' will be marked to 'false' on the      |
|            |        |      | libcell. Therefore, the cell is not used for mapping and it will not be picked up from the library for synthesis. If you query the attribute            |
|            |        |      | 'unusable_reason' on the libcell; result will be: 'Library cell has no output pins.'Note: The message LBR-9 is only for the logical pins and not for    |
|            |        |      | the power_ground pins. Genus will depend upon the output function defined in the pin group (output pin)                                                 |
|            |        |      | of the cell, to use it for mapping. The pg_pin will not have any function defined.                                                                      |
| LBR-41     |Info    |    2 |An output library pin lacks a function attribute.                                                                                                        |
|            |        |      |If the remainder of this library cell's semantic checks are successful, it will be considered as a timing-model                                          |
|            |        |      | (because one of its outputs does not have a valid function.                                                                                             |
| LBR-109    |Info    |    1 |Set default library domain.                                                                                                                              |
| LBR-155    |Info    | 2112 |Mismatch in unateness between 'timing_sense' attribute and the function.                                                                                 |
|            |        |      |The 'timing_sense' attribute will be respected.                                                                                                          |
| LBR-161    |Info    |    1 |Setting the maximum print count of this message to 10 if information_level is less than 9.                                                               |
| LBR-162    |Info    |  248 |Both 'pos_unate' and 'neg_unate' timing_sense arcs have been processed.                                                                                  |
|            |        |      |Setting the 'timing_sense' to non_unate.                                                                                                                 |
| LBR-412    |Info    |    2 |Created nominal operating condition.                                                                                                                     |
|            |        |      |The nominal operating condition is represented, either by the nominal PVT values specified in the library source                                         |
|            |        |      | (via nom_process,nom_voltage and nom_temperature respectively), or by the default PVT values (1.0,1.0,1.0).                                             |
| LBR-518    |Info    |    2 |Missing a function attribute in the output pin definition.                                                                                               |
| PHYS-129   |Info    |  119 |Via with no resistance will have a value of '0.0' assigned for resistance value.                                                                         |
|            |        |      |If this is the expected behavior, this message can be ignored.                                                                                           |
| PHYS-279   |Warning |  188 |Physical cell not defined in library.                                                                                                                    |
|            |        |      |Ensure that the proper library files are available and have been imported.                                                                               |
| PHYS-752   |Info    |    1 |Partition Based Synthesis execution skipped.                                                                                                             |
| RTLOPT-30  |Info    |    1 |Accepted resource sharing opportunity.                                                                                                                   |
| RTLOPT-40  |Info    |   12 |Transformed datapath macro.                                                                                                                              |
| SYNTH-1    |Info    |    1 |Synthesizing.                                                                                                                                            |
| TIM-1000   |Info    |    1 |Multimode clock gating check is disabled.                                                                                                                |
| TUI-280    |Info    |    1 |An additional product license has been checked out.                                                                                                      |
|            |        |      |The command 'license checkin' can be used to check the license back in when it is no longer needed.                                                      |
----------------------------------------------------------------------------------------------------------------------------------------------------------------------------------------
Current PLE settings:

Aspect ratio        : 1.000
Shrink factor       : 1.000
Scale of res/length : 1.000
Scale of cap/length : 1.000
Net derating factor : 1.000
Thermal factor      : 1.324
Via Resistance      : 0.600 ohm (from qrc_tech_file)
Site size           : 1.910 um (from lef [tech+cell])

                                    Capacitance  
   Layer                             / Length         Data source:
 Name        Direction Utilization  (pF/micron)       qrc_tech_file
-------------------------------------------------
metal1_conn      H         0.00        0.000367  
metal2_conn      V         1.00        0.000317  
metal3_conn      H         1.00        0.000315  
metal4_conn      V         1.00        0.000317  
metal5_conn      H         1.00        0.000317  
metal6_conn      V         1.00        0.000318  
metal7_conn      H         1.00        0.000318  
metal8_conn      V         1.00        0.000315  
metal9_conn      H         1.00        0.001752  
metal10_conn     V         1.00        0.000854  
metal11_conn     H         1.00        0.000739  

                                     Resistance   
   Layer                              / Length         Data source:
 Name        Direction Utilization  (ohm/micron)       qrc_tech_file
--------------------------------------------------
metal1_conn      H         0.00         1.900028  
metal2_conn      V         1.00         1.183743  
metal3_conn      H         1.00         1.183743  
metal4_conn      V         1.00         1.183743  
metal5_conn      H         1.00         1.183743  
metal6_conn      V         1.00         1.183743  
metal7_conn      H         1.00         1.183743  
metal8_conn      V         1.00         0.432387  
metal9_conn      H         1.00         0.432387  
metal10_conn     V         1.00         0.157232  
metal11_conn     H         1.00         0.158932  

                                         Area     
   Layer                               / Length        Data source:
 Name        Direction Utilization     (micron)        lef_library
--------------------------------------------------
Metal1           H         0.00         0.060000  
Metal2           V         1.00         0.080000  
Metal3           H         1.00         0.080000  
Metal4           V         1.00         0.080000  
Metal5           H         1.00         0.080000  
Metal6           V         1.00         0.080000  
Metal7           H         1.00         0.080000  
Metal8           V         1.00         0.080000  
Metal9           H         1.00         0.080000  
Metal10          V         1.00         0.220000  
Metal11          H         1.00         0.220000  

Mapper: Libraries have:
	domain worst: 324 combo usable cells and 128 sequential usable cells
Multi-threaded constant propagation [1|0] ...
Multi-threaded Virtual Mapping    (8 threads per ST process, 8 of 20 CPUs usable)
Warning : The database contains a field that the reader does not support. [DATABASE-103]
        : Unsupported data skipped.
Warning : The database contains a field that the reader does not support. [DATABASE-103]
        : Unsupported data skipped.
Warning : The database contains a field that the reader does not support. [DATABASE-103]
        : Unsupported data skipped.
Warning : The database contains a field that the reader does not support. [DATABASE-103]
        : Unsupported data skipped.
==================================
Stage : first_condense 
==================================
  =================
   Message Summary
  =================
-------------------------------------------------------------------------------------------------
|      Id      |  Sev   |Count |                         Message Text                           |
-------------------------------------------------------------------------------------------------
| DATABASE-103 |Warning |    4 |The database contains a field that the reader does not support. |
| GB-6         |Info    |    1 |A datapath component has been ungrouped.                        |
-------------------------------------------------------------------------------------------------
 
Global mapping target info
==========================
Cost Group 'clk' target slack:  1492 ps
Target path end-point (Pin: product_o_reg[30]/d)


State Retention Synthesis Status
================================

Category                        Flops  Latches   Percentage
-----------------------------------------------------------
Total instances                    40       33        100.0
Excluded from State Retention      40       33        100.0
    - Will not convert             40       33        100.0
      - Preserved                   0        0          0.0
      - Power intent excluded      40       33        100.0
    - Could not convert             0        0          0.0
      - Scan type                   0        0          0.0
      - No suitable cell            0        0          0.0
State Retention instances           0        0          0.0
-----------------------------------------------------------

PBS_Generic_Opt-Post - Elapsed_Time 12, CPU_Time 11.636
stamp 'PBS_Generic_Opt-Post' being created for table 'pbs_debug'

  Total Time (Wall) |  Stage Time (Wall)  |   % (Wall)   |    Date - Time     |  Memory   | Stage
--------------------+---------------------+--------------+--------------------+-----------+----------------------
 00:00:06(00:00:06) |  00:00:00(00:00:00) |   0.0(  0.0) |   12:36:02 (Mar26) |  485.4 MB | PBS_Generic-Start
--------------------+---------------------+--------------+--------------------+-----------+----------------------
 00:00:18(00:00:18) |  00:00:11(00:00:12) | 100.0(100.0) |   12:36:14 (Mar26) |  787.3 MB | PBS_Generic_Opt-Post
--------------------+---------------------+--------------+--------------------+-----------+----------------------
Number of threads: 8 * 1   (id: pbs_debug, time_info v1.57)
Info: (*N*) indicates data that was populated from previously saved time_info database
Info: CPU time includes time of parent + longest thread
PBS_Generic-Postgen HBO Optimizations - Elapsed_Time 0, CPU_Time 0.0
stamp 'PBS_Generic-Postgen HBO Optimizations' being created for table 'pbs_debug'

  Total Time (Wall) |  Stage Time (Wall)  |   % (Wall)   |    Date - Time     |  Memory   | Stage
--------------------+---------------------+--------------+--------------------+-----------+----------------------
 00:00:06(00:00:06) |  00:00:00(00:00:00) |   0.0(  0.0) |   12:36:02 (Mar26) |  485.4 MB | PBS_Generic-Start
--------------------+---------------------+--------------+--------------------+-----------+----------------------
 00:00:18(00:00:18) |  00:00:11(00:00:12) | 100.0(100.0) |   12:36:14 (Mar26) |  787.3 MB | PBS_Generic_Opt-Post
--------------------+---------------------+--------------+--------------------+-----------+----------------------
 00:00:18(00:00:18) |  00:00:00(00:00:00) |   0.0(  0.0) |   12:36:14 (Mar26) |  787.3 MB | PBS_Generic-Postgen HBO Optimizations
--------------------+---------------------+--------------+--------------------+-----------+----------------------
Number of threads: 8 * 1   (id: pbs_debug, time_info v1.57)
Info: (*N*) indicates data that was populated from previously saved time_info database
Info: CPU time includes time of parent + longest thread
##>=================== Cadence Confidential (Generic-Logical) ===================
##>=================== Cadence Confidential (Generic-Logical) ===================
##>Main Thread Summary:
##>----------------------------------------------------------------------------------------
##>STEP                           Elapsed       WNS       TNS     Insts      Area    Memory
##>----------------------------------------------------------------------------------------
##>G:Initial                            1         -         -      4276     12511       485
##>G:Setup                              0         -         -         -         -         -
##>G:Launch ST                          0         -         -         -         -         -
##>G:Design Partition                   0         -         -         -         -         -
##>G:Create Partition Netlists          0         -         -         -         -         -
##>G:Init Power                         0         -         -         -         -         -
##>G:Budgeting                          0         -         -         -         -         -
##>G:Derenv-DB                          0         -         -         -         -         -
##>G:Debug Outputs                      0         -         -         -         -         -
##>G:ST loading                         0         -         -         -         -         -
##>G:Distributed                        0         -         -         -         -         -
##>G:Timer                              0         -         -         -         -         -
##>G:Assembly                           0         -         -         -         -         -
##>G:DFT                                0         -         -         -         -         -
##>G:Const Prop                         0         -         -      5263     14407       787
##>G:Misc                              12
##>----------------------------------------------------------------------------------------
##>Total Elapsed                       13
##>========================================================================================
Info    : Done synthesizing. [SYNTH-2]
        : Done synthesizing 'multiplier32FP' to generic gates.
      flow.cputime  flow.realtime  timing.setup.tns  timing.setup.wns  snapshot
UM:*                                                                   syn_gen
@file(multiplier32FP.tcl) 113: syn_map ${HDL_NAME}
##Generic Timing Info for library domain: worst typical gate delay: 150.2 ps std_slew: 17.9 ps std_load: 1.0 fF
Current PLE settings:

Aspect ratio        : 1.000
Shrink factor       : 1.000
Scale of res/length : 1.000
Scale of cap/length : 1.000
Net derating factor : 1.000
Thermal factor      : 1.324
Via Resistance      : 0.600 ohm (from qrc_tech_file)
Site size           : 1.910 um (from lef [tech+cell])

                                    Capacitance  
   Layer                             / Length         Data source:
 Name        Direction Utilization  (pF/micron)       qrc_tech_file
-------------------------------------------------
metal1_conn      H         0.00        0.000367  
metal2_conn      V         1.00        0.000317  
metal3_conn      H         1.00        0.000315  
metal4_conn      V         1.00        0.000317  
metal5_conn      H         1.00        0.000317  
metal6_conn      V         1.00        0.000318  
metal7_conn      H         1.00        0.000318  
metal8_conn      V         1.00        0.000315  
metal9_conn      H         1.00        0.001752  
metal10_conn     V         1.00        0.000854  
metal11_conn     H         1.00        0.000739  

                                     Resistance   
   Layer                              / Length         Data source:
 Name        Direction Utilization  (ohm/micron)       qrc_tech_file
--------------------------------------------------
metal1_conn      H         0.00         1.900028  
metal2_conn      V         1.00         1.183743  
metal3_conn      H         1.00         1.183743  
metal4_conn      V         1.00         1.183743  
metal5_conn      H         1.00         1.183743  
metal6_conn      V         1.00         1.183743  
metal7_conn      H         1.00         1.183743  
metal8_conn      V         1.00         0.432387  
metal9_conn      H         1.00         0.432387  
metal10_conn     V         1.00         0.157232  
metal11_conn     H         1.00         0.158932  

                                         Area     
   Layer                               / Length        Data source:
 Name        Direction Utilization     (micron)        lef_library
--------------------------------------------------
Metal1           H         0.00         0.060000  
Metal2           V         1.00         0.080000  
Metal3           H         1.00         0.080000  
Metal4           V         1.00         0.080000  
Metal5           H         1.00         0.080000  
Metal6           V         1.00         0.080000  
Metal7           H         1.00         0.080000  
Metal8           V         1.00         0.080000  
Metal9           H         1.00         0.080000  
Metal10          V         1.00         0.220000  
Metal11          H         1.00         0.220000  

Info    : Mapping. [SYNTH-4]
        : Mapping 'multiplier32FP' using 'high' effort.
Mapper: Libraries have:
	domain worst: 324 combo usable cells and 128 sequential usable cells
Configuring mapper costing (none)
TNS Restructuring config: no_value at stage: map applied.
PBS_TechMap-Start - Elapsed_Time 0, CPU_Time 0.0
stamp 'PBS_TechMap-Start' being created for table 'pbs_debug'

  Total Time (Wall) |  Stage Time (Wall)  |   % (Wall)   |    Date - Time     |  Memory   | Stage
--------------------+---------------------+--------------+--------------------+-----------+----------------------
 00:00:06(00:00:06) |  00:00:00(00:00:00) |   0.0(  0.0) |   12:36:02 (Mar26) |  485.4 MB | PBS_Generic-Start
--------------------+---------------------+--------------+--------------------+-----------+----------------------
 00:00:18(00:00:18) |  00:00:11(00:00:12) |  92.1(100.0) |   12:36:14 (Mar26) |  787.3 MB | PBS_Generic_Opt-Post
--------------------+---------------------+--------------+--------------------+-----------+----------------------
 00:00:18(00:00:18) |  00:00:00(00:00:00) |   0.0(  0.0) |   12:36:14 (Mar26) |  787.3 MB | PBS_Generic-Postgen HBO Optimizations
--------------------+---------------------+--------------+--------------------+-----------+----------------------
 00:00:19(00:00:18) |  00:00:01(00:00:00) |   7.9(  0.0) |   12:36:14 (Mar26) |  787.3 MB | PBS_TechMap-Start
--------------------+---------------------+--------------+--------------------+-----------+----------------------
Number of threads: 8 * 1   (id: pbs_debug, time_info v1.57)
Info: (*N*) indicates data that was populated from previously saved time_info database
Info: CPU time includes time of parent + longest thread
PBS_TechMap-Premap HBO Optimizations - Elapsed_Time 0, CPU_Time 0.0
stamp 'PBS_TechMap-Premap HBO Optimizations' being created for table 'pbs_debug'

  Total Time (Wall) |  Stage Time (Wall)  |   % (Wall)   |    Date - Time     |  Memory   | Stage
--------------------+---------------------+--------------+--------------------+-----------+----------------------
 00:00:06(00:00:06) |  00:00:00(00:00:00) |   0.0(  0.0) |   12:36:02 (Mar26) |  485.4 MB | PBS_Generic-Start
--------------------+---------------------+--------------+--------------------+-----------+----------------------
 00:00:18(00:00:18) |  00:00:11(00:00:12) |  92.1(100.0) |   12:36:14 (Mar26) |  787.3 MB | PBS_Generic_Opt-Post
--------------------+---------------------+--------------+--------------------+-----------+----------------------
 00:00:18(00:00:18) |  00:00:00(00:00:00) |   0.0(  0.0) |   12:36:14 (Mar26) |  787.3 MB | PBS_Generic-Postgen HBO Optimizations
--------------------+---------------------+--------------+--------------------+-----------+----------------------
 00:00:19(00:00:18) |  00:00:01(00:00:00) |   7.9(  0.0) |   12:36:14 (Mar26) |  787.3 MB | PBS_TechMap-Start
--------------------+---------------------+--------------+--------------------+-----------+----------------------
 00:00:19(00:00:18) |  00:00:00(00:00:00) |   0.0(  0.0) |   12:36:14 (Mar26) |  787.3 MB | PBS_TechMap-Premap HBO Optimizations
--------------------+---------------------+--------------+--------------------+-----------+----------------------
Number of threads: 8 * 1   (id: pbs_debug, time_info v1.57)
Info: (*N*) indicates data that was populated from previously saved time_info database
Info: CPU time includes time of parent + longest thread
Info    : Partition Based Synthesis execution skipped. [PHYS-752]
        : Design size is less than the partition size '100000' for distributed mapping optimization to kick in.
Current PLE settings:

Aspect ratio        : 1.000
Shrink factor       : 1.000
Scale of res/length : 1.000
Scale of cap/length : 1.000
Net derating factor : 1.000
Thermal factor      : 1.324
Via Resistance      : 0.600 ohm (from qrc_tech_file)
Site size           : 1.910 um (from lef [tech+cell])

                                    Capacitance  
   Layer                             / Length         Data source:
 Name        Direction Utilization  (pF/micron)       qrc_tech_file
-------------------------------------------------
metal1_conn      H         0.00        0.000367  
metal2_conn      V         1.00        0.000317  
metal3_conn      H         1.00        0.000315  
metal4_conn      V         1.00        0.000317  
metal5_conn      H         1.00        0.000317  
metal6_conn      V         1.00        0.000318  
metal7_conn      H         1.00        0.000318  
metal8_conn      V         1.00        0.000315  
metal9_conn      H         1.00        0.001752  
metal10_conn     V         1.00        0.000854  
metal11_conn     H         1.00        0.000739  

                                     Resistance   
   Layer                              / Length         Data source:
 Name        Direction Utilization  (ohm/micron)       qrc_tech_file
--------------------------------------------------
metal1_conn      H         0.00         1.900028  
metal2_conn      V         1.00         1.183743  
metal3_conn      H         1.00         1.183743  
metal4_conn      V         1.00         1.183743  
metal5_conn      H         1.00         1.183743  
metal6_conn      V         1.00         1.183743  
metal7_conn      H         1.00         1.183743  
metal8_conn      V         1.00         0.432387  
metal9_conn      H         1.00         0.432387  
metal10_conn     V         1.00         0.157232  
metal11_conn     H         1.00         0.158932  

                                         Area     
   Layer                               / Length        Data source:
 Name        Direction Utilization     (micron)        lef_library
--------------------------------------------------
Metal1           H         0.00         0.060000  
Metal2           V         1.00         0.080000  
Metal3           H         1.00         0.080000  
Metal4           V         1.00         0.080000  
Metal5           H         1.00         0.080000  
Metal6           V         1.00         0.080000  
Metal7           H         1.00         0.080000  
Metal8           V         1.00         0.080000  
Metal9           H         1.00         0.080000  
Metal10          V         1.00         0.220000  
Metal11          H         1.00         0.220000  

Mapper: Libraries have:
	domain worst: 324 combo usable cells and 128 sequential usable cells
Multi-threaded Virtual Mapping    (8 threads per ST process, 8 of 20 CPUs usable)
Warning : The database contains a field that the reader does not support. [DATABASE-103]
        : Unsupported data skipped.
Warning : The database contains a field that the reader does not support. [DATABASE-103]
        : Unsupported data skipped.
Warning : The database contains a field that the reader does not support. [DATABASE-103]
        : Unsupported data skipped.
Warning : The database contains a field that the reader does not support. [DATABASE-103]
        : Unsupported data skipped.
 
Global mapping target info
==========================
Cost Group 'clk' target slack:  1492 ps
Target path end-point (Pin: product_o_reg[30]/d)

Multi-threaded Technology Mapping (8 threads per ST process, 8 of 20 CPUs usable)
Warning : The database contains a field that the reader does not support. [DATABASE-103]
        : Unsupported data skipped.
Warning : The database contains a field that the reader does not support. [DATABASE-103]
        : Unsupported data skipped.
Warning : The database contains a field that the reader does not support. [DATABASE-103]
        : Unsupported data skipped.
 
Global mapping status
=====================
                                   Group   
                                  Tot Wrst 
                           Total  Weighted 
Operation                   Area   Slacks  
 global_map                 6152        0 

    Cost Group            Target    Slack    Diff.  Constr.
-----------------------------------------------------------
           clk              1492    45753             50000 

 
Global incremental target info
==============================
Cost Group 'clk' target slack:   996 ps
Target path end-point (Pin: product_o_reg[26]/D (SDFFRHQX8/D))

Warning : The database contains a field that the reader does not support. [DATABASE-103]
        : Unsupported data skipped.
Warning : The database contains a field that the reader does not support. [DATABASE-103]
        : Unsupported data skipped.
Warning : The database contains a field that the reader does not support. [DATABASE-103]
        : Unsupported data skipped.
Warning : The database contains a field that the reader does not support. [DATABASE-103]
        : Unsupported data skipped.
==================================
Stage : global_incr_map 
==================================
  =================
   Message Summary
  =================
----------------------------------------------------------------------------------------------------------
|      Id      |  Sev   |Count |                              Message Text                               |
----------------------------------------------------------------------------------------------------------
| DATABASE-103 |Warning |   11 |The database contains a field that the reader does not support.          |
| LBR-155      |Info    |  528 |Mismatch in unateness between 'timing_sense' attribute and the function. |
|              |        |      |The 'timing_sense' attribute will be respected.                          |
| PA-7         |Info    |    4 |Resetting power analysis results.                                        |
|              |        |      |All computed switching activities are removed.                           |
| PHYS-752     |Info    |    1 |Partition Based Synthesis execution skipped.                             |
| SYNTH-2      |Info    |    1 |Done synthesizing.                                                       |
| SYNTH-4      |Info    |    1 |Mapping.                                                                 |
----------------------------------------------------------------------------------------------------------
 
Global incremental optimization status
======================================
                                   Group   
                                  Tot Wrst 
                           Total  Weighted 
Operation                   Area   Slacks  
 global_incr                6066        0 

    Cost Group            Target    Slack    Diff.  Constr.
-----------------------------------------------------------
           clk               996    45662             50000 

 
Scan synthesis status
=====================
                                   Group   
                                  Tot Wrst 
                           Total  Weighted 
Operation                   Area   Slacks  
 scan_map                   6081        0 

State Retention Synthesis Status
================================

Category                        Flops  Latches   Percentage
-----------------------------------------------------------
Total instances                    40       33        100.0
Excluded from State Retention      40       33        100.0
    - Will not convert             40       33        100.0
      - Preserved                   0        0          0.0
      - Power intent excluded      40       33        100.0
    - Could not convert             0        0          0.0
      - Scan type                   0        0          0.0
      - No suitable cell            0        0          0.0
State Retention instances           0        0          0.0
-----------------------------------------------------------

INFO: skipping constant propagation
PBS_Techmap-Global Mapping - Elapsed_Time 11, CPU_Time 10.503238000000014
stamp 'PBS_Techmap-Global Mapping' being created for table 'pbs_debug'

  Total Time (Wall) |  Stage Time (Wall)  |   % (Wall)   |    Date - Time     |  Memory   | Stage
--------------------+---------------------+--------------+--------------------+-----------+----------------------
 00:00:06(00:00:06) |  00:00:00(00:00:00) |   0.0(  0.0) |   12:36:02 (Mar26) |  485.4 MB | PBS_Generic-Start
--------------------+---------------------+--------------+--------------------+-----------+----------------------
 00:00:18(00:00:18) |  00:00:11(00:00:12) |  50.3( 52.2) |   12:36:14 (Mar26) |  787.3 MB | PBS_Generic_Opt-Post
--------------------+---------------------+--------------+--------------------+-----------+----------------------
 00:00:18(00:00:18) |  00:00:00(00:00:00) |   0.0(  0.0) |   12:36:14 (Mar26) |  787.3 MB | PBS_Generic-Postgen HBO Optimizations
--------------------+---------------------+--------------+--------------------+-----------+----------------------
 00:00:19(00:00:18) |  00:00:01(00:00:00) |   4.3(  0.0) |   12:36:14 (Mar26) |  787.3 MB | PBS_TechMap-Start
--------------------+---------------------+--------------+--------------------+-----------+----------------------
 00:00:19(00:00:18) |  00:00:00(00:00:00) |   0.0(  0.0) |   12:36:14 (Mar26) |  787.3 MB | PBS_TechMap-Premap HBO Optimizations
--------------------+---------------------+--------------+--------------------+-----------+----------------------
 00:00:30(00:00:29) |  00:00:10(00:00:11) |  45.4( 47.8) |   12:36:25 (Mar26) |  775.9 MB | PBS_Techmap-Global Mapping
--------------------+---------------------+--------------+--------------------+-----------+----------------------
Number of threads: 8 * 1   (id: pbs_debug, time_info v1.57)
Info: (*N*) indicates data that was populated from previously saved time_info database
Info: CPU time includes time of parent + longest thread
Warning : Command 'commit_power_intent' cannot proceed as there is no power intent loaded. [CPI-506]
        : Command 'commit_power_intent' requires a valid power_intent to be loaded.
Info    : Wrote formal verification information. [CFM-5]
        : Wrote 'fv/multiplier32FP/fv_map.fv.json' for netlist 'fv/multiplier32FP/fv_map.v.gz'.
Info    : Existing dofile found. Copied as fv/multiplier32FP/rtl_to_fv_map.do~.
Info    : Wrote dofile. [CFM-1]
        : Dofile is 'fv/multiplier32FP/rtl_to_fv_map.do'.
        : Alias mapping flow is enabled.
PBS_TechMap-Datapath Postmap Operations - Elapsed_Time 0, CPU_Time -0.006738999999996054
stamp 'PBS_TechMap-Datapath Postmap Operations' being created for table 'pbs_debug'

  Total Time (Wall) |  Stage Time (Wall)  |   % (Wall)   |    Date - Time     |  Memory   | Stage
--------------------+---------------------+--------------+--------------------+-----------+----------------------
 00:00:06(00:00:06) |  00:00:00(00:00:00) |   0.0(  0.0) |   12:36:02 (Mar26) |  485.4 MB | PBS_Generic-Start
--------------------+---------------------+--------------+--------------------+-----------+----------------------
 00:00:18(00:00:18) |  00:00:11(00:00:12) |  50.3( 52.2) |   12:36:14 (Mar26) |  787.3 MB | PBS_Generic_Opt-Post
--------------------+---------------------+--------------+--------------------+-----------+----------------------
 00:00:18(00:00:18) |  00:00:00(00:00:00) |   0.0(  0.0) |   12:36:14 (Mar26) |  787.3 MB | PBS_Generic-Postgen HBO Optimizations
--------------------+---------------------+--------------+--------------------+-----------+----------------------
 00:00:19(00:00:18) |  00:00:01(00:00:00) |   4.3(  0.0) |   12:36:14 (Mar26) |  787.3 MB | PBS_TechMap-Start
--------------------+---------------------+--------------+--------------------+-----------+----------------------
 00:00:19(00:00:18) |  00:00:00(00:00:00) |   0.0(  0.0) |   12:36:14 (Mar26) |  787.3 MB | PBS_TechMap-Premap HBO Optimizations
--------------------+---------------------+--------------+--------------------+-----------+----------------------
 00:00:30(00:00:29) |  00:00:10(00:00:11) |  45.4( 47.8) |   12:36:25 (Mar26) |  775.9 MB | PBS_Techmap-Global Mapping
--------------------+---------------------+--------------+--------------------+-----------+----------------------
 00:00:30(00:00:29) |  00:00:00(00:00:00) |  -0.0(  0.0) |   12:36:25 (Mar26) |  775.9 MB | PBS_TechMap-Datapath Postmap Operations
--------------------+---------------------+--------------+--------------------+-----------+----------------------
Number of threads: 8 * 1   (id: pbs_debug, time_info v1.57)
Info: (*N*) indicates data that was populated from previously saved time_info database
Info: CPU time includes time of parent + longest thread
PBS_TechMap-Postmap HBO Optimizations - Elapsed_Time 0, CPU_Time -0.007279000000004032
stamp 'PBS_TechMap-Postmap HBO Optimizations' being created for table 'pbs_debug'

  Total Time (Wall) |  Stage Time (Wall)  |   % (Wall)   |    Date - Time     |  Memory   | Stage
--------------------+---------------------+--------------+--------------------+-----------+----------------------
 00:00:06(00:00:06) |  00:00:00(00:00:00) |   0.0(  0.0) |   12:36:02 (Mar26) |  485.4 MB | PBS_Generic-Start
--------------------+---------------------+--------------+--------------------+-----------+----------------------
 00:00:18(00:00:18) |  00:00:11(00:00:12) |  50.3( 52.2) |   12:36:14 (Mar26) |  787.3 MB | PBS_Generic_Opt-Post
--------------------+---------------------+--------------+--------------------+-----------+----------------------
 00:00:18(00:00:18) |  00:00:00(00:00:00) |   0.0(  0.0) |   12:36:14 (Mar26) |  787.3 MB | PBS_Generic-Postgen HBO Optimizations
--------------------+---------------------+--------------+--------------------+-----------+----------------------
 00:00:19(00:00:18) |  00:00:01(00:00:00) |   4.3(  0.0) |   12:36:14 (Mar26) |  787.3 MB | PBS_TechMap-Start
--------------------+---------------------+--------------+--------------------+-----------+----------------------
 00:00:19(00:00:18) |  00:00:00(00:00:00) |   0.0(  0.0) |   12:36:14 (Mar26) |  787.3 MB | PBS_TechMap-Premap HBO Optimizations
--------------------+---------------------+--------------+--------------------+-----------+----------------------
 00:00:30(00:00:29) |  00:00:10(00:00:11) |  45.4( 47.8) |   12:36:25 (Mar26) |  775.9 MB | PBS_Techmap-Global Mapping
--------------------+---------------------+--------------+--------------------+-----------+----------------------
 00:00:30(00:00:29) |  00:00:00(00:00:00) |  -0.0(  0.0) |   12:36:25 (Mar26) |  775.9 MB | PBS_TechMap-Datapath Postmap Operations
--------------------+---------------------+--------------+--------------------+-----------+----------------------
 00:00:30(00:00:29) |  00:00:00(00:00:00) |  -0.0(  0.0) |   12:36:25 (Mar26) |  775.9 MB | PBS_TechMap-Postmap HBO Optimizations
--------------------+---------------------+--------------+--------------------+-----------+----------------------
Number of threads: 8 * 1   (id: pbs_debug, time_info v1.57)
Info: (*N*) indicates data that was populated from previously saved time_info database
Info: CPU time includes time of parent + longest thread
 Doing ConstProp on design:multiplier32FP ... 

IOPT-REDREM: Performing redundancy removal: Detected 0 redundant wires. CPU time 0.024 seconds.

PBS_TechMap-Postmap Clock Gating - Elapsed_Time 0, CPU_Time 1.0
stamp 'PBS_TechMap-Postmap Clock Gating' being created for table 'pbs_debug'

  Total Time (Wall) |  Stage Time (Wall)  |   % (Wall)   |    Date - Time     |  Memory   | Stage
--------------------+---------------------+--------------+--------------------+-----------+----------------------
 00:00:06(00:00:06) |  00:00:00(00:00:00) |   0.0(  0.0) |   12:36:02 (Mar26) |  485.4 MB | PBS_Generic-Start
--------------------+---------------------+--------------+--------------------+-----------+----------------------
 00:00:18(00:00:18) |  00:00:11(00:00:12) |  48.2( 52.2) |   12:36:14 (Mar26) |  787.3 MB | PBS_Generic_Opt-Post
--------------------+---------------------+--------------+--------------------+-----------+----------------------
 00:00:18(00:00:18) |  00:00:00(00:00:00) |   0.0(  0.0) |   12:36:14 (Mar26) |  787.3 MB | PBS_Generic-Postgen HBO Optimizations
--------------------+---------------------+--------------+--------------------+-----------+----------------------
 00:00:19(00:00:18) |  00:00:01(00:00:00) |   4.1(  0.0) |   12:36:14 (Mar26) |  787.3 MB | PBS_TechMap-Start
--------------------+---------------------+--------------+--------------------+-----------+----------------------
 00:00:19(00:00:18) |  00:00:00(00:00:00) |   0.0(  0.0) |   12:36:14 (Mar26) |  787.3 MB | PBS_TechMap-Premap HBO Optimizations
--------------------+---------------------+--------------+--------------------+-----------+----------------------
 00:00:30(00:00:29) |  00:00:10(00:00:11) |  43.5( 47.8) |   12:36:25 (Mar26) |  775.9 MB | PBS_Techmap-Global Mapping
--------------------+---------------------+--------------+--------------------+-----------+----------------------
 00:00:30(00:00:29) |  00:00:00(00:00:00) |  -0.0(  0.0) |   12:36:25 (Mar26) |  775.9 MB | PBS_TechMap-Datapath Postmap Operations
--------------------+---------------------+--------------+--------------------+-----------+----------------------
 00:00:30(00:00:29) |  00:00:00(00:00:00) |  -0.0(  0.0) |   12:36:25 (Mar26) |  775.9 MB | PBS_TechMap-Postmap HBO Optimizations
--------------------+---------------------+--------------+--------------------+-----------+----------------------
 00:00:31(00:00:29) |  00:00:01(00:00:00) |   4.1(  0.0) |   12:36:25 (Mar26) |  775.9 MB | PBS_TechMap-Postmap Clock Gating
--------------------+---------------------+--------------+--------------------+-----------+----------------------
Number of threads: 8 * 1   (id: pbs_debug, time_info v1.57)
Info: (*N*) indicates data that was populated from previously saved time_info database
Info: CPU time includes time of parent + longest thread
-------------------------------------------------------------------------------
 hi_fo_buf                  6081        0         0      5631        0

           Trick     Calls     Accepts   Attempts    Time(secs) 
-----------------------------------------------------------
       hi_fo_buf         0  (        0 /        0 )  0.00

 
Incremental optimization status
===============================
                                   Group   
                                  Tot Wrst     Total - - DRC Totals - -
                           Total  Weighted      Neg      Max       Max 
Operation                   Area   Slacks      Slack    Trans      Cap 
 init_delay                 6081        0         0      5631        0

           Trick     Calls     Accepts   Attempts    Time(secs) 
-----------------------------------------------------------
       crit_upsz         0  (        0 /        0 )  0.00
    plc_bal_star         0  (        0 /        0 )  0.00
     drc_buftimb         0  (        0 /        0 )  0.00
          plc_st         0  (        0 /        0 )  0.00
    plc_st_fence         0  (        0 /        0 )  0.00
        plc_star         0  (        0 /        0 )  0.00
      plc_laf_st         0  (        0 /        0 )  0.00
 plc_laf_st_fence         0  (        0 /        0 )  0.00
     drc_buftims         0  (        0 /        0 )  0.00
            fopt         0  (        0 /        0 )  0.00
   plc_laf_lo_st         0  (        0 /        0 )  0.00
       plc_lo_st         0  (        0 /        0 )  0.00
        mb_split         0  (        0 /        0 )  0.00

 
Local TNS optimization status
=============================
                                   Group   
                                  Tot Wrst     Total - - DRC Totals - -
                           Total  Weighted      Neg      Max       Max 
Operation                   Area   Slacks      Slack    Trans      Cap 
 init_tns                   6081        0         0      5631        0

           Trick     Calls     Accepts   Attempts    Time(secs) 
-----------------------------------------------------------
    plc_bal_star         0  (        0 /        0 )  0.00
     drc_buftimb         0  (        0 /        0 )  0.00
     drc_buftims         0  (        0 /        0 )  0.00
       crit_upsz         0  (        0 /        0 )  0.00
   plc_laf_lo_st         0  (        0 /        0 )  0.00
       plc_lo_st         0  (        0 /        0 )  0.00
            fopt         0  (        0 /        0 )  0.00
       crit_dnsz         0  (        0 /        0 )  0.00
             dup         0  (        0 /        0 )  0.00
        setup_dn         0  (        0 /        0 )  0.00
        mb_split         0  (        0 /        0 )  0.00

PBS_TechMap-Postmap Cleanup - Elapsed_Time 1, CPU_Time -0.006551999999999225
stamp 'PBS_TechMap-Postmap Cleanup' being created for table 'pbs_debug'

  Total Time (Wall) |  Stage Time (Wall)  |   % (Wall)   |    Date - Time     |  Memory   | Stage
--------------------+---------------------+--------------+--------------------+-----------+----------------------
 00:00:06(00:00:06) |  00:00:00(00:00:00) |   0.0(  0.0) |   12:36:02 (Mar26) |  485.4 MB | PBS_Generic-Start
--------------------+---------------------+--------------+--------------------+-----------+----------------------
 00:00:18(00:00:18) |  00:00:11(00:00:12) |  48.2( 50.0) |   12:36:14 (Mar26) |  787.3 MB | PBS_Generic_Opt-Post
--------------------+---------------------+--------------+--------------------+-----------+----------------------
 00:00:18(00:00:18) |  00:00:00(00:00:00) |   0.0(  0.0) |   12:36:14 (Mar26) |  787.3 MB | PBS_Generic-Postgen HBO Optimizations
--------------------+---------------------+--------------+--------------------+-----------+----------------------
 00:00:19(00:00:18) |  00:00:01(00:00:00) |   4.1(  0.0) |   12:36:14 (Mar26) |  787.3 MB | PBS_TechMap-Start
--------------------+---------------------+--------------+--------------------+-----------+----------------------
 00:00:19(00:00:18) |  00:00:00(00:00:00) |   0.0(  0.0) |   12:36:14 (Mar26) |  787.3 MB | PBS_TechMap-Premap HBO Optimizations
--------------------+---------------------+--------------+--------------------+-----------+----------------------
 00:00:30(00:00:29) |  00:00:10(00:00:11) |  43.5( 45.8) |   12:36:25 (Mar26) |  775.9 MB | PBS_Techmap-Global Mapping
--------------------+---------------------+--------------+--------------------+-----------+----------------------
 00:00:30(00:00:29) |  00:00:00(00:00:00) |  -0.0(  0.0) |   12:36:25 (Mar26) |  775.9 MB | PBS_TechMap-Datapath Postmap Operations
--------------------+---------------------+--------------+--------------------+-----------+----------------------
 00:00:30(00:00:29) |  00:00:00(00:00:00) |  -0.0(  0.0) |   12:36:25 (Mar26) |  775.9 MB | PBS_TechMap-Postmap HBO Optimizations
--------------------+---------------------+--------------+--------------------+-----------+----------------------
 00:00:31(00:00:29) |  00:00:01(00:00:00) |   4.1(  0.0) |   12:36:25 (Mar26) |  775.9 MB | PBS_TechMap-Postmap Clock Gating
--------------------+---------------------+--------------+--------------------+-----------+----------------------
 00:00:31(00:00:30) |  00:00:00(00:00:01) |  -0.0(  4.2) |   12:36:26 (Mar26) |  775.9 MB | PBS_TechMap-Postmap Cleanup
--------------------+---------------------+--------------+--------------------+-----------+----------------------
Number of threads: 8 * 1   (id: pbs_debug, time_info v1.57)
Info: (*N*) indicates data that was populated from previously saved time_info database
Info: CPU time includes time of parent + longest thread
PBS_Techmap-Post_MBCI - Elapsed_Time 0, CPU_Time 0.0
stamp 'PBS_Techmap-Post_MBCI' being created for table 'pbs_debug'

  Total Time (Wall) |  Stage Time (Wall)  |   % (Wall)   |    Date - Time     |  Memory   | Stage
--------------------+---------------------+--------------+--------------------+-----------+----------------------
 00:00:06(00:00:06) |  00:00:00(00:00:00) |   0.0(  0.0) |   12:36:02 (Mar26) |  485.4 MB | PBS_Generic-Start
--------------------+---------------------+--------------+--------------------+-----------+----------------------
 00:00:18(00:00:18) |  00:00:11(00:00:12) |  48.2( 50.0) |   12:36:14 (Mar26) |  787.3 MB | PBS_Generic_Opt-Post
--------------------+---------------------+--------------+--------------------+-----------+----------------------
 00:00:18(00:00:18) |  00:00:00(00:00:00) |   0.0(  0.0) |   12:36:14 (Mar26) |  787.3 MB | PBS_Generic-Postgen HBO Optimizations
--------------------+---------------------+--------------+--------------------+-----------+----------------------
 00:00:19(00:00:18) |  00:00:01(00:00:00) |   4.1(  0.0) |   12:36:14 (Mar26) |  787.3 MB | PBS_TechMap-Start
--------------------+---------------------+--------------+--------------------+-----------+----------------------
 00:00:19(00:00:18) |  00:00:00(00:00:00) |   0.0(  0.0) |   12:36:14 (Mar26) |  787.3 MB | PBS_TechMap-Premap HBO Optimizations
--------------------+---------------------+--------------+--------------------+-----------+----------------------
 00:00:30(00:00:29) |  00:00:10(00:00:11) |  43.5( 45.8) |   12:36:25 (Mar26) |  775.9 MB | PBS_Techmap-Global Mapping
--------------------+---------------------+--------------+--------------------+-----------+----------------------
 00:00:30(00:00:29) |  00:00:00(00:00:00) |  -0.0(  0.0) |   12:36:25 (Mar26) |  775.9 MB | PBS_TechMap-Datapath Postmap Operations
--------------------+---------------------+--------------+--------------------+-----------+----------------------
 00:00:30(00:00:29) |  00:00:00(00:00:00) |  -0.0(  0.0) |   12:36:25 (Mar26) |  775.9 MB | PBS_TechMap-Postmap HBO Optimizations
--------------------+---------------------+--------------+--------------------+-----------+----------------------
 00:00:31(00:00:29) |  00:00:01(00:00:00) |   4.1(  0.0) |   12:36:25 (Mar26) |  775.9 MB | PBS_TechMap-Postmap Clock Gating
--------------------+---------------------+--------------+--------------------+-----------+----------------------
 00:00:31(00:00:30) |  00:00:00(00:00:01) |  -0.0(  4.2) |   12:36:26 (Mar26) |  775.9 MB | PBS_TechMap-Postmap Cleanup
--------------------+---------------------+--------------+--------------------+-----------+----------------------
 00:00:31(00:00:30) |  00:00:00(00:00:00) |   0.0(  0.0) |   12:36:26 (Mar26) |  775.9 MB | PBS_Techmap-Post_MBCI
--------------------+---------------------+--------------+--------------------+-----------+----------------------
Number of threads: 8 * 1   (id: pbs_debug, time_info v1.57)
Info: (*N*) indicates data that was populated from previously saved time_info database
Info: CPU time includes time of parent + longest thread
##>=================== Cadence Confidential (Mapping-Logical) ===================
##>Main Thread Summary:
##>----------------------------------------------------------------------------------------
##>STEP                           Elapsed       WNS       TNS     Insts      Area    Memory
##>----------------------------------------------------------------------------------------
##>M:Initial                            0         -         -      5263     14407       787
##>M:Pre Cleanup                        0         -         -      5263     14407       787
##>M:Setup                              0         -         -         -         -         -
##>M:Launch ST                          0         -         -         -         -         -
##>M:Design Partition                   0         -         -         -         -         -
##>M:Create Partition Netlists          0         -         -         -         -         -
##>M:Init Power                         0         -         -         -         -         -
##>M:Budgeting                          0         -         -         -         -         -
##>M:Derenv-DB                          0         -         -         -         -         -
##>M:Debug Outputs                      0         -         -         -         -         -
##>M:ST loading                         0         -         -         -         -         -
##>M:Distributed                        0         -         -         -         -         -
##>M:Timer                              0         -         -         -         -         -
##>M:Assembly                           0         -         -         -         -         -
##>M:DFT                                0         -         -         -         -         -
##>M:DP Operations                      0         -         -      1329      4111       775
##>M:Const Prop                         0     45616         0      1329      4111       775
##>M:Cleanup                            1     45616         0      1329      4111       775
##>M:MBCI                               0         -         -      1329      4111       775
##>M:Const Gate Removal                 0         -         -         -         -         -
##>M:Misc                              11
##>----------------------------------------------------------------------------------------
##>Total Elapsed                       12
##>========================================================================================
Info    : Done mapping. [SYNTH-5]
        : Done mapping 'multiplier32FP'.
      flow.cputime  flow.realtime  timing.setup.tns  timing.setup.wns  snapshot
UM:*                                                                   syn_map
@file(multiplier32FP.tcl) 114: get_db insts .base_cell.name -u ;# List all cell names used in the current design.
@file(multiplier32FP.tcl) 115: set_db syn_opt_effort medium
  Setting attribute of root '/': 'syn_opt_effort' = medium
@file(multiplier32FP.tcl) 116: syn_opt
Current PLE settings:

Aspect ratio        : 1.000
Shrink factor       : 1.000
Scale of res/length : 1.000
Scale of cap/length : 1.000
Net derating factor : 1.000
Thermal factor      : 1.324
Via Resistance      : 0.600 ohm (from qrc_tech_file)
Site size           : 1.910 um (from lef [tech+cell])

                                    Capacitance  
   Layer                             / Length         Data source:
 Name        Direction Utilization  (pF/micron)       qrc_tech_file
-------------------------------------------------
metal1_conn      H         0.00        0.000367  
metal2_conn      V         1.00        0.000317  
metal3_conn      H         1.00        0.000315  
metal4_conn      V         1.00        0.000317  
metal5_conn      H         1.00        0.000317  
metal6_conn      V         1.00        0.000318  
metal7_conn      H         1.00        0.000318  
metal8_conn      V         1.00        0.000315  
metal9_conn      H         1.00        0.001752  
metal10_conn     V         1.00        0.000854  
metal11_conn     H         1.00        0.000739  

                                     Resistance   
   Layer                              / Length         Data source:
 Name        Direction Utilization  (ohm/micron)       qrc_tech_file
--------------------------------------------------
metal1_conn      H         0.00         1.900028  
metal2_conn      V         1.00         1.183743  
metal3_conn      H         1.00         1.183743  
metal4_conn      V         1.00         1.183743  
metal5_conn      H         1.00         1.183743  
metal6_conn      V         1.00         1.183743  
metal7_conn      H         1.00         1.183743  
metal8_conn      V         1.00         0.432387  
metal9_conn      H         1.00         0.432387  
metal10_conn     V         1.00         0.157232  
metal11_conn     H         1.00         0.158932  

                                         Area     
   Layer                               / Length        Data source:
 Name        Direction Utilization     (micron)        lef_library
--------------------------------------------------
Metal1           H         0.00         0.060000  
Metal2           V         1.00         0.080000  
Metal3           H         1.00         0.080000  
Metal4           V         1.00         0.080000  
Metal5           H         1.00         0.080000  
Metal6           V         1.00         0.080000  
Metal7           H         1.00         0.080000  
Metal8           V         1.00         0.080000  
Metal9           H         1.00         0.080000  
Metal10          V         1.00         0.220000  
Metal11          H         1.00         0.220000  

Info    : Incrementally optimizing. [SYNTH-7]
        : Incrementally optimizing 'multiplier32FP' using 'medium' effort.
 
Incremental optimization status
===============================
                                   Group   
                                  Tot Wrst     Total - - DRC Totals - -
                           Total  Weighted      Neg      Max       Max 
Operation                   Area   Slacks      Slack    Trans      Cap 
 init_iopt                  6081        0         0      5631        0
IOPT-REDREM: Performing redundancy removal: Detected 0 redundant wires. CPU time 0.021 seconds.

-------------------------------------------------------------------------------
 const_prop                 6081        0         0      5631        0
 
Incremental optimization status
===============================
                                   Group   
                                  Tot Wrst     Total - - DRC Totals - -
                           Total  Weighted      Neg      Max       Max 
Operation                   Area   Slacks      Slack    Trans      Cap 
 init_delay                 6081        0         0      5631        0

           Trick     Calls     Accepts   Attempts    Time(secs) 
-----------------------------------------------------------
       crit_upsz         0  (        0 /        0 )  0.00
    plc_bal_star         0  (        0 /        0 )  0.00
     drc_buftimb         0  (        0 /        0 )  0.00
          plc_st         0  (        0 /        0 )  0.00
    plc_st_fence         0  (        0 /        0 )  0.00
        plc_star         0  (        0 /        0 )  0.00
      plc_laf_st         0  (        0 /        0 )  0.00
 plc_laf_st_fence         0  (        0 /        0 )  0.00
     drc_buftims         0  (        0 /        0 )  0.00
   plc_laf_lo_st         0  (        0 /        0 )  0.00
       plc_lo_st         0  (        0 /        0 )  0.00
            fopt         0  (        0 /        0 )  0.00
       crit_dnsz         0  (        0 /        0 )  0.00
             dup         0  (        0 /        0 )  0.00
            fopt         0  (        0 /        0 )  0.00
        setup_dn         0  (        0 /        0 )  0.00
         buf2inv         0  (        0 /        0 )  0.00
        mb_split         0  (        0 /        0 )  0.00
             exp         0  (        0 /        0 )  0.00
       gate_deco         0  (        0 /        0 )  0.00
       gcomp_tim         0  (        0 /        0 )  0.00
  inv_pair_2_buf         0  (        0 /        0 )  0.00

 init_drc                   6081        0         0      5631        0
 incr_max_trans             6163        0         0         0        0

           Trick     Calls     Accepts   Attempts    Time(secs) 
-----------------------------------------------------------
          plc_st        17  (        0 /        0 )  0.00
        plc_star        17  (        0 /        0 )  0.00
        drc_bufs        34  (       17 /       17 )  0.03
        drc_fopt         0  (        0 /        0 )  0.00
        drc_bufb         0  (        0 /        0 )  0.00
      simple_buf         0  (        0 /        0 )  0.00
             dup         0  (        0 /        0 )  0.00
       crit_dnsz         0  (        0 /        0 )  0.00
       crit_upsz         0  (        0 /        0 )  0.00


           Trick     Calls     Accepts   Attempts    Time(secs) 
-----------------------------------------------------------
          plc_st         0  (        0 /        0 )  0.00
        plc_star         0  (        0 /        0 )  0.00
      drc_buf_sp         0  (        0 /        0 )  0.00
        drc_bufs         0  (        0 /        0 )  0.00
        drc_fopt         0  (        0 /        0 )  0.00
        drc_bufb         0  (        0 /        0 )  0.00
      simple_buf         0  (        0 /        0 )  0.00
             dup         0  (        0 /        0 )  0.00
       crit_dnsz         0  (        0 /        0 )  0.00
       crit_upsz         0  (        0 /        0 )  0.00


           Trick     Calls     Accepts   Attempts    Time(secs) 
-----------------------------------------------------------
          plc_st         0  (        0 /        0 )  0.00
        plc_star         0  (        0 /        0 )  0.00
      drc_buf_sp         0  (        0 /        0 )  0.00
        drc_bufs         0  (        0 /        0 )  0.00
        drc_fopt         0  (        0 /        0 )  0.00
        drc_bufb         0  (        0 /        0 )  0.00
             dup         0  (        0 /        0 )  0.00
       crit_dnsz         0  (        0 /        0 )  0.00
       crit_upsz         0  (        0 /        0 )  0.00

 init_tns                   6163        0         0         0        0

           Trick     Calls     Accepts   Attempts    Time(secs) 
-----------------------------------------------------------
    plc_bal_star         0  (        0 /        0 )  0.00
     drc_buftimb         0  (        0 /        0 )  0.00
     drc_buftims         0  (        0 /        0 )  0.00
       crit_upsz         0  (        0 /        0 )  0.00
   plc_laf_lo_st         0  (        0 /        0 )  0.00
       plc_lo_st         0  (        0 /        0 )  0.00
            fopt         0  (        0 /        0 )  0.00
       crit_dnsz         0  (        0 /        0 )  0.00
             dup         0  (        0 /        0 )  0.00
        setup_dn         0  (        0 /        0 )  0.00
         buf2inv         0  (        0 /        0 )  0.00
        mb_split         0  (        0 /        0 )  0.00

 init_area                  6163        0         0         0        0
 rem_buf                    6151        0         0         0        0
 rem_inv                    6106        0         0         0        0
 glob_area                  6079        0         0         0        0
 area_down                  6070        0         0         0        0

           Trick     Calls     Accepts   Attempts    Time(secs) 
-----------------------------------------------------------
           undup         0  (        0 /        0 )  0.00
         rem_buf        46  (        5 /        5 )  0.04
         rem_inv        14  (       14 /       14 )  0.02
        merge_bi         0  (        0 /        0 )  0.00
      rem_inv_qb         0  (        0 /        0 )  0.00
        io_phase         1  (        0 /        0 )  0.00
       gate_comp        40  (        0 /        0 )  0.07
       gcomp_mog         0  (        0 /        0 )  0.03
       glob_area        56  (        4 /       56 )  0.04
       area_down        38  (       10 /       10 )  0.14
      size_n_buf         1  (        0 /        0 )  0.00
  gate_deco_area         0  (        0 /        0 )  0.00
         rem_buf        41  (        0 /        0 )  0.03
         rem_inv         0  (        0 /        0 )  0.00
        merge_bi         0  (        0 /        0 )  0.00
      rem_inv_qb         0  (        0 /        0 )  0.00

 
Incremental optimization status
===============================
                                   Group   
                                  Tot Wrst     Total - - DRC Totals - -
                           Total  Weighted      Neg      Max       Max 
Operation                   Area   Slacks      Slack    Trans      Cap 
 init_delay                 6070        0         0         0        0

           Trick     Calls     Accepts   Attempts    Time(secs) 
-----------------------------------------------------------
       crit_upsz         0  (        0 /        0 )  0.00
    plc_bal_star         0  (        0 /        0 )  0.00
     drc_buftimb         0  (        0 /        0 )  0.00
          plc_st         0  (        0 /        0 )  0.00
    plc_st_fence         0  (        0 /        0 )  0.00
        plc_star         0  (        0 /        0 )  0.00
      plc_laf_st         0  (        0 /        0 )  0.00
 plc_laf_st_fence         0  (        0 /        0 )  0.00
     drc_buftims         0  (        0 /        0 )  0.00
   plc_laf_lo_st         0  (        0 /        0 )  0.00
       plc_lo_st         0  (        0 /        0 )  0.00
            fopt         0  (        0 /        0 )  0.00
       crit_dnsz         0  (        0 /        0 )  0.00
             dup         0  (        0 /        0 )  0.00
            fopt         0  (        0 /        0 )  0.00
        setup_dn         0  (        0 /        0 )  0.00
         buf2inv         0  (        0 /        0 )  0.00
        mb_split         0  (        0 /        0 )  0.00
             exp         0  (        0 /        0 )  0.00
       gate_deco         0  (        0 /        0 )  0.00
       gcomp_tim         0  (        0 /        0 )  0.00
  inv_pair_2_buf         0  (        0 /        0 )  0.00

 init_drc                   6070        0         0         0        0

           Trick     Calls     Accepts   Attempts    Time(secs) 
-----------------------------------------------------------
          plc_st         0  (        0 /        0 )  0.00
        plc_star         0  (        0 /        0 )  0.00
        drc_bufs         0  (        0 /        0 )  0.00
        drc_fopt         0  (        0 /        0 )  0.00
        drc_bufb         0  (        0 /        0 )  0.00
      simple_buf         0  (        0 /        0 )  0.00
             dup         0  (        0 /        0 )  0.00
       crit_dnsz         0  (        0 /        0 )  0.00
       crit_upsz         0  (        0 /        0 )  0.00


           Trick     Calls     Accepts   Attempts    Time(secs) 
-----------------------------------------------------------
          plc_st         0  (        0 /        0 )  0.00
        plc_star         0  (        0 /        0 )  0.00
        drc_bufs         0  (        0 /        0 )  0.00
        drc_fopt         0  (        0 /        0 )  0.00
        drc_bufb         0  (        0 /        0 )  0.00
      simple_buf         0  (        0 /        0 )  0.00
             dup         0  (        0 /        0 )  0.00
       crit_dnsz         0  (        0 /        0 )  0.00
       crit_upsz         0  (        0 /        0 )  0.00


           Trick     Calls     Accepts   Attempts    Time(secs) 
-----------------------------------------------------------
          plc_st         0  (        0 /        0 )  0.00
        plc_star         0  (        0 /        0 )  0.00
        drc_bufs         0  (        0 /        0 )  0.00
        drc_fopt         0  (        0 /        0 )  0.00
        drc_bufb         0  (        0 /        0 )  0.00
             dup         0  (        0 /        0 )  0.00
       crit_dnsz         0  (        0 /        0 )  0.00
       crit_upsz         0  (        0 /        0 )  0.00

 init_area                  6070        0         0         0        0
 area_down                  6067        0         0         0        0

           Trick     Calls     Accepts   Attempts    Time(secs) 
-----------------------------------------------------------
           undup         0  (        0 /        0 )  0.00
         rem_buf        41  (        0 /        0 )  0.03
         rem_inv         0  (        0 /        0 )  0.00
        merge_bi         0  (        0 /        0 )  0.00
      rem_inv_qb         0  (        0 /        0 )  0.00
        io_phase         1  (        0 /        0 )  0.00
       gate_comp        40  (        0 /        0 )  0.07
       gcomp_mog         0  (        0 /        0 )  0.03
       glob_area        50  (        0 /       50 )  0.04
       area_down        38  (        6 /        6 )  0.13
      size_n_buf         0  (        0 /        0 )  0.00
  gate_deco_area         0  (        0 /        0 )  0.00

==================================
Stage : incr_opt 
==================================
  =================
   Message Summary
  =================
-------------------------------------------------------------------------------------------------------------
|   Id    |  Sev   |Count |                                  Message Text                                   |
-------------------------------------------------------------------------------------------------------------
| CFM-1   |Info    |    1 |Wrote dofile.                                                                    |
| CFM-5   |Info    |    1 |Wrote formal verification information.                                           |
| CPI-506 |Warning |    1 |Command 'commit_power_intent' cannot proceed as there is no power intent loaded. |
| DFT-100 |Info    |    1 |Added DFT object.                                                                |
| LBR-155 |Info    |  528 |Mismatch in unateness between 'timing_sense' attribute and the function.         |
|         |        |      |The 'timing_sense' attribute will be respected.                                  |
| PA-7    |Info    |    4 |Resetting power analysis results.                                                |
|         |        |      |All computed switching activities are removed.                                   |
| SYNTH-5 |Info    |    1 |Done mapping.                                                                    |
| SYNTH-7 |Info    |    1 |Incrementally optimizing.                                                        |
-------------------------------------------------------------------------------------------------------------
Info    : Done incrementally optimizing. [SYNTH-8]
        : Done incrementally optimizing 'multiplier32FP'.
      flow.cputime  flow.realtime  timing.setup.tns  timing.setup.wns  snapshot
UM:*                                                                   syn_opt
@file(multiplier32FP.tcl) 121: check_dft_rules
  Checking DFT rules for 'multiplier32FP' module under 'muxed_scan' style

Detected 0 DFT rule violation(s)
	Summary of check_dft_rules
	**************************
	Number of usable scan cells: 48
Clock Rule Violations:
---------------------
	  Internally driven clock net: 0
	      Tied constant clock net: 0
	           Undriven clock net: 0
	Conflicting async & clock net: 0
	              Misc. clock net: 0

Async. set/reset Rule Violations:
--------------------------------
	Internally driven async net: 0
	      Tied active async net: 0
	         Undriven async net: 0
	            Misc. async net: 0

   Total number of DFT violations: 0

  Total number of Test Clock Domains: 1
  Number of user specified non-Scan registers:   0
      Number of registers that fail DFT rules:   0
      Number of registers that pass DFT rules:  40
  Percentage of total registers that are scannable: 100%
@file(multiplier32FP.tcl) 122: set_db design:multiplier32FP .dft_min_number_of_scan_chains 1
  Setting attribute of design 'multiplier32FP': 'dft_min_number_of_scan_chains' = 1
@file(multiplier32FP.tcl) 123: define_scan_chain -name top_chain -sdi scan_in -sdo scan_out -create_ports
@file(multiplier32FP.tcl) 124: connect_scan_chains -auto_create_chains
  Starting DFT Scan Configuration for module 'multiplier32FP' in 'normal' mode, with physical flow OFF 
  Configuring 1 chains for 40 scan f/f 
  Configured 1 chains for Domain: 'clk', edge: 'rising'
  	 top_chain (scan_in -> scan_out) has 40 registers; Domain:clk, edge: rising
  Processing 1 scan chains in 'muxed_scan' style.
  Default shift enable signal is 'SE': 'port:multiplier32FP/SE' active high.
Mapping DFT logic introduced by scan chain connection...
Mapping DFT logic done.
@file(multiplier32FP.tcl) 125: syn_opt -incr
Current PLE settings:

Aspect ratio        : 1.000
Shrink factor       : 1.000
Scale of res/length : 1.000
Scale of cap/length : 1.000
Net derating factor : 1.000
Thermal factor      : 1.324
Via Resistance      : 0.600 ohm (from qrc_tech_file)
Site size           : 1.910 um (from lef [tech+cell])

                                    Capacitance  
   Layer                             / Length         Data source:
 Name        Direction Utilization  (pF/micron)       qrc_tech_file
-------------------------------------------------
metal1_conn      H         0.00        0.000367  
metal2_conn      V         1.00        0.000317  
metal3_conn      H         1.00        0.000315  
metal4_conn      V         1.00        0.000317  
metal5_conn      H         1.00        0.000317  
metal6_conn      V         1.00        0.000318  
metal7_conn      H         1.00        0.000318  
metal8_conn      V         1.00        0.000315  
metal9_conn      H         1.00        0.001752  
metal10_conn     V         1.00        0.000854  
metal11_conn     H         1.00        0.000739  

                                     Resistance   
   Layer                              / Length         Data source:
 Name        Direction Utilization  (ohm/micron)       qrc_tech_file
--------------------------------------------------
metal1_conn      H         0.00         1.900028  
metal2_conn      V         1.00         1.183743  
metal3_conn      H         1.00         1.183743  
metal4_conn      V         1.00         1.183743  
metal5_conn      H         1.00         1.183743  
metal6_conn      V         1.00         1.183743  
metal7_conn      H         1.00         1.183743  
metal8_conn      V         1.00         0.432387  
metal9_conn      H         1.00         0.432387  
metal10_conn     V         1.00         0.157232  
metal11_conn     H         1.00         0.158932  

                                         Area     
   Layer                               / Length        Data source:
 Name        Direction Utilization     (micron)        lef_library
--------------------------------------------------
Metal1           H         0.00         0.060000  
Metal2           V         1.00         0.080000  
Metal3           H         1.00         0.080000  
Metal4           V         1.00         0.080000  
Metal5           H         1.00         0.080000  
Metal6           V         1.00         0.080000  
Metal7           H         1.00         0.080000  
Metal8           V         1.00         0.080000  
Metal9           H         1.00         0.080000  
Metal10          V         1.00         0.220000  
Metal11          H         1.00         0.220000  

Info    : Incrementally optimizing. [SYNTH-7]
        : Incrementally optimizing 'multiplier32FP' using 'medium' effort.
 
Incremental optimization status
===============================
                                   Group   
                                  Tot Wrst     Total - - DRC Totals - -
                           Total  Weighted      Neg      Max       Max 
Operation                   Area   Slacks      Slack    Trans      Cap 
 init_iopt                  6083        0         0         0        0
IOPT-REDREM: Performing redundancy removal: Detected 0 redundant wires. CPU time 0.020 seconds.

-------------------------------------------------------------------------------
 const_prop                 6083        0         0         0        0
 
Incremental optimization status
===============================
                                   Group   
                                  Tot Wrst     Total - - DRC Totals - -
                           Total  Weighted      Neg      Max       Max 
Operation                   Area   Slacks      Slack    Trans      Cap 
 init_delay                 6083        0         0         0        0

           Trick     Calls     Accepts   Attempts    Time(secs) 
-----------------------------------------------------------
       crit_upsz         0  (        0 /        0 )  0.00
    plc_bal_star         0  (        0 /        0 )  0.00
     drc_buftimb         0  (        0 /        0 )  0.00
          plc_st         0  (        0 /        0 )  0.00
    plc_st_fence         0  (        0 /        0 )  0.00
        plc_star         0  (        0 /        0 )  0.00
      plc_laf_st         0  (        0 /        0 )  0.00
 plc_laf_st_fence         0  (        0 /        0 )  0.00
     drc_buftims         0  (        0 /        0 )  0.00
   plc_laf_lo_st         0  (        0 /        0 )  0.00
       plc_lo_st         0  (        0 /        0 )  0.00
            fopt         0  (        0 /        0 )  0.00
       crit_dnsz         0  (        0 /        0 )  0.00
             dup         0  (        0 /        0 )  0.00
            fopt         0  (        0 /        0 )  0.00
        setup_dn         0  (        0 /        0 )  0.00
         buf2inv         0  (        0 /        0 )  0.00
        mb_split         0  (        0 /        0 )  0.00
             exp         0  (        0 /        0 )  0.00
       gate_deco         0  (        0 /        0 )  0.00
       gcomp_tim         0  (        0 /        0 )  0.00
  inv_pair_2_buf         0  (        0 /        0 )  0.00

 init_drc                   6083        0         0         0        0

           Trick     Calls     Accepts   Attempts    Time(secs) 
-----------------------------------------------------------
          plc_st         0  (        0 /        0 )  0.00
        plc_star         0  (        0 /        0 )  0.00
        drc_bufs         0  (        0 /        0 )  0.00
        drc_fopt         0  (        0 /        0 )  0.00
        drc_bufb         0  (        0 /        0 )  0.00
      simple_buf         0  (        0 /        0 )  0.00
             dup         0  (        0 /        0 )  0.00
       crit_dnsz         0  (        0 /        0 )  0.00
       crit_upsz         0  (        0 /        0 )  0.00


           Trick     Calls     Accepts   Attempts    Time(secs) 
-----------------------------------------------------------
          plc_st         0  (        0 /        0 )  0.00
        plc_star         0  (        0 /        0 )  0.00
      drc_buf_sp         0  (        0 /        0 )  0.00
        drc_bufs         0  (        0 /        0 )  0.00
        drc_fopt         0  (        0 /        0 )  0.00
        drc_bufb         0  (        0 /        0 )  0.00
      simple_buf         0  (        0 /        0 )  0.00
             dup         0  (        0 /        0 )  0.00
       crit_dnsz         0  (        0 /        0 )  0.00
       crit_upsz         0  (        0 /        0 )  0.00


           Trick     Calls     Accepts   Attempts    Time(secs) 
-----------------------------------------------------------
          plc_st         0  (        0 /        0 )  0.00
        plc_star         0  (        0 /        0 )  0.00
      drc_buf_sp         0  (        0 /        0 )  0.00
        drc_bufs         0  (        0 /        0 )  0.00
        drc_fopt         0  (        0 /        0 )  0.00
        drc_bufb         0  (        0 /        0 )  0.00
             dup         0  (        0 /        0 )  0.00
       crit_dnsz         0  (        0 /        0 )  0.00
       crit_upsz         0  (        0 /        0 )  0.00

 init_tns                   6083        0         0         0        0

           Trick     Calls     Accepts   Attempts    Time(secs) 
-----------------------------------------------------------
    plc_bal_star         0  (        0 /        0 )  0.00
     drc_buftimb         0  (        0 /        0 )  0.00
     drc_buftims         0  (        0 /        0 )  0.00
       crit_upsz         0  (        0 /        0 )  0.00
   plc_laf_lo_st         0  (        0 /        0 )  0.00
       plc_lo_st         0  (        0 /        0 )  0.00
            fopt         0  (        0 /        0 )  0.00
       crit_dnsz         0  (        0 /        0 )  0.00
             dup         0  (        0 /        0 )  0.00
        setup_dn         0  (        0 /        0 )  0.00
         buf2inv         0  (        0 /        0 )  0.00
        mb_split         0  (        0 /        0 )  0.00

 init_area                  6083        0         0         0        0

           Trick     Calls     Accepts   Attempts    Time(secs) 
-----------------------------------------------------------
           undup         0  (        0 /        0 )  0.00
         rem_buf        41  (        0 /        0 )  0.04
         rem_inv         0  (        0 /        0 )  0.00
        merge_bi         0  (        0 /        0 )  0.00
      rem_inv_qb         0  (        0 /        0 )  0.00
        io_phase         1  (        0 /        0 )  0.00
       gate_comp        40  (        0 /        0 )  0.06
       gcomp_mog         0  (        0 /        0 )  0.03
       glob_area        50  (        0 /       50 )  0.04
       area_down        38  (        0 /        0 )  0.12
      size_n_buf         1  (        0 /        0 )  0.00
  gate_deco_area         0  (        0 /        0 )  0.00
         rem_buf        41  (        0 /        0 )  0.04
         rem_inv         0  (        0 /        0 )  0.00
        merge_bi         0  (        0 /        0 )  0.00
      rem_inv_qb         0  (        0 /        0 )  0.00

 
Incremental optimization status
===============================
                                   Group   
                                  Tot Wrst     Total - - DRC Totals - -
                           Total  Weighted      Neg      Max       Max 
Operation                   Area   Slacks      Slack    Trans      Cap 
 init_delay                 6083        0         0         0        0

           Trick     Calls     Accepts   Attempts    Time(secs) 
-----------------------------------------------------------
       crit_upsz         0  (        0 /        0 )  0.00
    plc_bal_star         0  (        0 /        0 )  0.00
     drc_buftimb         0  (        0 /        0 )  0.00
          plc_st         0  (        0 /        0 )  0.00
    plc_st_fence         0  (        0 /        0 )  0.00
        plc_star         0  (        0 /        0 )  0.00
      plc_laf_st         0  (        0 /        0 )  0.00
 plc_laf_st_fence         0  (        0 /        0 )  0.00
     drc_buftims         0  (        0 /        0 )  0.00
   plc_laf_lo_st         0  (        0 /        0 )  0.00
       plc_lo_st         0  (        0 /        0 )  0.00
            fopt         0  (        0 /        0 )  0.00
       crit_dnsz         0  (        0 /        0 )  0.00
             dup         0  (        0 /        0 )  0.00
            fopt         0  (        0 /        0 )  0.00
        setup_dn         0  (        0 /        0 )  0.00
         buf2inv         0  (        0 /        0 )  0.00
        mb_split         0  (        0 /        0 )  0.00
             exp         0  (        0 /        0 )  0.00
       gate_deco         0  (        0 /        0 )  0.00
       gcomp_tim         0  (        0 /        0 )  0.00
  inv_pair_2_buf         0  (        0 /        0 )  0.00

 init_drc                   6083        0         0         0        0

           Trick     Calls     Accepts   Attempts    Time(secs) 
-----------------------------------------------------------
          plc_st         0  (        0 /        0 )  0.00
        plc_star         0  (        0 /        0 )  0.00
        drc_bufs         0  (        0 /        0 )  0.00
        drc_fopt         0  (        0 /        0 )  0.00
        drc_bufb         0  (        0 /        0 )  0.00
      simple_buf         0  (        0 /        0 )  0.00
             dup         0  (        0 /        0 )  0.00
       crit_dnsz         0  (        0 /        0 )  0.00
       crit_upsz         0  (        0 /        0 )  0.00


           Trick     Calls     Accepts   Attempts    Time(secs) 
-----------------------------------------------------------
          plc_st         0  (        0 /        0 )  0.00
        plc_star         0  (        0 /        0 )  0.00
        drc_bufs         0  (        0 /        0 )  0.00
        drc_fopt         0  (        0 /        0 )  0.00
        drc_bufb         0  (        0 /        0 )  0.00
      simple_buf         0  (        0 /        0 )  0.00
             dup         0  (        0 /        0 )  0.00
       crit_dnsz         0  (        0 /        0 )  0.00
       crit_upsz         0  (        0 /        0 )  0.00


           Trick     Calls     Accepts   Attempts    Time(secs) 
-----------------------------------------------------------
          plc_st         0  (        0 /        0 )  0.00
        plc_star         0  (        0 /        0 )  0.00
        drc_bufs         0  (        0 /        0 )  0.00
        drc_fopt         0  (        0 /        0 )  0.00
        drc_bufb         0  (        0 /        0 )  0.00
             dup         0  (        0 /        0 )  0.00
       crit_dnsz         0  (        0 /        0 )  0.00
       crit_upsz         0  (        0 /        0 )  0.00

 init_area                  6083        0         0         0        0

           Trick     Calls     Accepts   Attempts    Time(secs) 
-----------------------------------------------------------
           undup         0  (        0 /        0 )  0.00
         rem_buf        41  (        0 /        0 )  0.04
         rem_inv         0  (        0 /        0 )  0.00
        merge_bi         0  (        0 /        0 )  0.00
      rem_inv_qb         0  (        0 /        0 )  0.00
        io_phase         1  (        0 /        0 )  0.00
       gate_comp        40  (        0 /        0 )  0.07
       gcomp_mog         0  (        0 /        0 )  0.03
       glob_area        50  (        0 /       50 )  0.04
       area_down        38  (        0 /        0 )  0.12
      size_n_buf         0  (        0 /        0 )  0.00
  gate_deco_area         0  (        0 /        0 )  0.00

==================================
Stage : incr_opt 
==================================
  =================
   Message Summary
  =================
-------------------------------------------------------------------------------------
|   Id    |  Sev   |Count |                      Message Text                       |
-------------------------------------------------------------------------------------
| DFT-100 |Info    |    1 |Added DFT object.                                        |
| DFT-130 |Info    |    2 |Created DFT port.                                        |
|         |        |      |A port for DFT purposes was created.                     |
| DFT-151 |Info    |    1 |Added scan chain.                                        |
| PA-7    |Info    |    2 |Resetting power analysis results.                        |
|         |        |      |All computed switching activities are removed.           |
| SYNTH-7 |Info    |    1 |Incrementally optimizing.                                |
| SYNTH-8 |Info    |    1 |Done incrementally optimizing.                           |
| TUI-32  |Warning |    2 |This attribute will be obsolete in a next major release. |
-------------------------------------------------------------------------------------
Info    : Done incrementally optimizing. [SYNTH-8]
        : Done incrementally optimizing 'multiplier32FP'.
      flow.cputime  flow.realtime  timing.setup.tns  timing.setup.wns  snapshot
UM:*                                                                   syn_opt_incr
@file(multiplier32FP.tcl) 126: report_scan_chains
Reporting 1 scan chain (muxed_scan)
 
Chain 1: top_chain 
  scan_in:      scan_in 
  scan_out:     scan_out   
  shift_enable: SE (active high) 
  clock_domain: clk (edge: rise)
  length: 40
    bit 1 	current_state_reg[0]  <clk (rise)>  
    bit 2 	current_state_reg[1]  <clk (rise)>  
    bit 3 	current_state_reg[2]  <clk (rise)>  
    bit 4 	done_o_reg  <clk (rise)>  
    bit 5 	inifinit_o_reg  <clk (rise)>  
    bit 6 	nan_o_reg  <clk (rise)>  
    bit 7 	overflow_o_reg  <clk (rise)>  
    bit 8 	product_o_reg[0]  <clk (rise)>  
    bit 9 	product_o_reg[1]  <clk (rise)>  
    bit 10 	product_o_reg[2]  <clk (rise)>  
    bit 11 	product_o_reg[3]  <clk (rise)>  
    bit 12 	product_o_reg[4]  <clk (rise)>  
    bit 13 	product_o_reg[5]  <clk (rise)>  
    bit 14 	product_o_reg[6]  <clk (rise)>  
    bit 15 	product_o_reg[7]  <clk (rise)>  
    bit 16 	product_o_reg[8]  <clk (rise)>  
    bit 17 	product_o_reg[9]  <clk (rise)>  
    bit 18 	product_o_reg[10]  <clk (rise)>  
    bit 19 	product_o_reg[11]  <clk (rise)>  
    bit 20 	product_o_reg[12]  <clk (rise)>  
    bit 21 	product_o_reg[13]  <clk (rise)>  
    bit 22 	product_o_reg[14]  <clk (rise)>  
    bit 23 	product_o_reg[15]  <clk (rise)>  
    bit 24 	product_o_reg[16]  <clk (rise)>  
    bit 25 	product_o_reg[17]  <clk (rise)>  
    bit 26 	product_o_reg[18]  <clk (rise)>  
    bit 27 	product_o_reg[19]  <clk (rise)>  
    bit 28 	product_o_reg[20]  <clk (rise)>  
    bit 29 	product_o_reg[21]  <clk (rise)>  
    bit 30 	product_o_reg[22]  <clk (rise)>  
    bit 31 	product_o_reg[23]  <clk (rise)>  
    bit 32 	product_o_reg[24]  <clk (rise)>  
    bit 33 	product_o_reg[25]  <clk (rise)>  
    bit 34 	product_o_reg[26]  <clk (rise)>  
    bit 35 	product_o_reg[27]  <clk (rise)>  
    bit 36 	product_o_reg[28]  <clk (rise)>  
    bit 37 	product_o_reg[29]  <clk (rise)>  
    bit 38 	product_o_reg[30]  <clk (rise)>  
    bit 39 	product_o_reg[31]  <clk (rise)>  
    bit 40 	underflow_o_reg  <clk (rise)>  
------------------------

@file(multiplier32FP.tcl) 132: report_design_rules ;# > ${RPT_DIR}/${HDL_NAME}_drc.rpt
============================================================
  Generated by:           Genus(TM) Synthesis Solution 21.10-p002_1
  Generated on:           Mar 26 2025  12:36:28 pm
  Module:                 multiplier32FP
  Library domain:         worst
    Domain index:         0
    Technology library:   slow_vdd1v0 1.0
  Library domain:         best
    Domain index:         1
    Technology library:   fast_vdd1v2 1.0
  Operating conditions:   PVT_0P9V_125C 
  Operating conditions:   PVT_1P32V_0C 
  Interconnect mode:      global
  Area mode:              physical library
============================================================

Max_transition design rule: no violations.


Max_capacitance design rule: no violations.


Max_fanout design rule: no constraints.



@file(multiplier32FP.tcl) 133: report_area > ${RPT_DIR}/${HDL_NAME}_area.rpt
@file(multiplier32FP.tcl) 134: report_timing > ${RPT_DIR}/${HDL_NAME}_timing.rpt
@file(multiplier32FP.tcl) 135: report_timing -from product_o_reg[1]/CK -to product_o_reg[1]/D > ${RPT_DIR}/${HDL_NAME}_timing_product_o_reg.rpt
@file(multiplier32FP.tcl) 136: report_gates > ${RPT_DIR}/${HDL_NAME}_gates.rpt
@file(multiplier32FP.tcl) 137: report_qor > ${RPT_DIR}/${HDL_NAME}_qor.rpt
@file(multiplier32FP.tcl) 138: report_power -unit uW > ${RPT_DIR}/${HDL_NAME}_power.rpt
Info    : Joules engine is used. [RPT-16]
        : Joules engine is being used for the command report_power.
Info   : ACTP-0001 [ACTPInfo] Activity propagation started for stim#0 netlist
       : multiplier32FP
Info   : ACTP-0009 [ACTPInfo] Activity Propagation Progress Report :   0%   1%   2%   3%   4%   5%   6%   7%   8%   9%  10%  11%  12%  13%  14%  15%  16%  17%  18%  19%  20%  21%  22%  23%  24%  25%  26%  27%  28%  29%  30%  31%  32%  33%  34%  35%  36%  37%  38%  39%  40%  41%  42%  43%  44%  45%  46%  47%  48%  49%  50%  51%  52%  53%  54%  55%  56%  57%  58%  59%  60%  61%  62%  63%  64%  65%  66%  67%  68%  69%  70%  71%  72%  73%  74%  75%  76%  77%  78%  79%  80%  81%  82%  83%  84%  85%  86%  87%  88%  89%  90%  91%  92%  93%  94%  95%  96%  97%  98%  99% 100%
Info   : ACTP-0001 Activity propagation ended for stim#0
Info   : PWRA-0001 [PwrInfo] compute_power effective options 
       : -mode : vectorless
       : -skip_propagation : 1
       : -frequency_scaling_factor : 1.0
       : -use_clock_freq : stim
       : -stim :/stim#0
       : -fromGenus : 1
Info   : ACTP-0001 Timing initialization started
Info   : ACTP-0001 Timing initialization ended
Info   : PWRA-0002 [PwrInfo] Skipping activity propagation due to -skip_ap
       : option....
Warning: PWRA-0302 [PwrWarn] Frequency scaling is not applicable for vectorless
       : flow. Ignoring frequency scaling.
Warning: PWRA-0304 [PwrWarn] -stim option is not applicable with vectorless mode
       : of power analysis, ignored this option.
Info   : PWRA-0002 Started 'vectorless' power computation.
Info   : PWRA-0009 [PwrInfo] Power Computation Progress Report :   0%   1%   2%   3%   4%   5%   6%   7%   8%   9%  10%  11%  12%  13%  14%  15%  16%  17%  18%  19%  20%  21%  22%  23%  24%  25%  26%  27%  28%  29%  30%  31%  32%  33%  34%  35%  36%  37%  38%  39%  40%  41%  42%  43%  44%  45%  46%  47%  48%  49%  50%  51%  52%  53%  54%  55%  56%  57%  58%  59%  60%  61%  62%  63%  64%  65%  66%  67%  68%  69%  70%  71%  72%  73%  74%  75%  76%  77%  78%  79%  80%  81%  82%  83%  84%  85%  86%  87%  88%  89%  90%  91%  92%  93%  94%  95%  96%  97%  98%  99% 100%
Info   : PWRA-0002 Finished power computation.
Info   : PWRA-0007 [PwrInfo] Completed successfully.
       : Info=6, Warn=2, Error=0, Fatal=0
Output file: /home/cinovador/Documents/course_files/physical_synthesis/synthesis_dft_atpg/backend/synthesis/reports/multiplier32FP_power.rpt
@file(multiplier32FP.tcl) 139: source ${SCRIPT_DIR}/common/sdf_width_wa.etf
Sourcing '/home/cinovador/Documents/course_files/physical_synthesis/synthesis_dft_atpg/backend/synthesis/scripts/common/sdf_width_wa.etf' (Wed Mar 26 12:36:28 -03 2025)...
@file(multiplier32FP.tcl) 140: write_sdf -edge check_edge -setuphold merge_always -nonegchecks -recrem merge_always -version 3.0 -design ${HDL_NAME}  > ${DEV_DIR}/${HDL_NAME}_worst.sdf
@file(multiplier32FP.tcl) 141: write_hdl ${HDL_NAME} > ${DEV_DIR}/${HDL_NAME}.v
@file(multiplier32FP.tcl) 144: read_vcd -static -vcd_scope ${DESIGNS}_tb/DUT ${PROJECT_DIR}/frontend/work/${DESIGNS}_MAX_tb.vcd
Info    : Joules engine is used. [RPT-16]
        : Joules parser is being used for the command read_vcd.
Info   : STIM-0001 [StimInfo] read_stimulus effective options 
       : -file :
       : /home/cinovador/Documents/course_files/physical_synthesis/synthesis_dft_atpg/frontend/work/multiplier32FP_MAX_tb.vcd
       : -dut_instance : multiplier32FP_tb/DUT
       : -design_root : design:multiplier32FP
       : -format : vcd
Info   : STIM-0001 Design top is multiplier32FP
Info   : STIM-0001 Started reading input stimulus file
       : /home/cinovador/Documents/course_files/physical_synthesis/synthesis_dft_atpg/frontend/work/multiplier32FP_MAX_tb.vcd
Info   : STIM-0001 Found top instance /multiplier32FP_tb/DUT
Info   : STIM-0002 [StimInfo] Finished design hierarchy parsing.
Info   : STIM-0010 [StimInfo] Total number of frames '1'
Info   : STIM-0002 Started value change section parsing.
Info   : STIM-0012 [StimInfo] Simulation start = 0 ps, end = 80220000 ps.
Info   : STIM-0002 Finished processing value changes, started storage.
Info   : STIM-0007 [StimInfo] Stored stimulus information '/stim#1' in SDB.
--------------------------- Annotation Report ---------------------------
Object Type         Asserted  UnAsserted  Unconnected  Total  Asserted% 
                                           + Constant                   
-------------------------------------------------------------------------
Primary Ports                                                           
  Inputs                  67           2            0     69     97.10% 
  Outputs                 38           0            0     38    100.00% 
  I/O                      0           0            0      0        N/A 
Sequential Outputs                                                      
  Memory                   0           0            0      0        N/A 
  Flop                    40           0            0     40    100.00% 
  Latch                   66           0            0     66    100.00% 
  Arch ICGC                0           0            0      0        N/A 
  Inferred ICGC            0           0            0      0        N/A 
  Total ICGC               0           0            0      0        N/A 
Drivers                                                                 
  Driver nets           1523         224            0   1747     87.17% 
  RTL Driver nets       1381           0            0   1381    100.00% 
DFT                                                                     
  Input Ports              0           2            0      2      0.00% 
  Flop Outputs             0           0            0      0        N/A 
  Memory Outputs           0           0            0      0        N/A 
-------------------------------------------------------------------------
Info   : STIM-0013 [StimInfo] Completed successfully.
       : Info=10, Warn=0, Error=0, Fatal=0
Info: Removing all stims from SDB
@file(multiplier32FP.tcl) 145: report_power -unit uW > ${RPT_DIR}/${HDL_NAME}_MAX_VCD_power.rpt
Info    : Joules engine is used. [RPT-16]
        : Joules engine is being used for the command report_power.
Info   : ACTP-0001 Activity propagation started for stim#0 netlist
       : multiplier32FP
Info   : ACTP-0009 [ACTPInfo] Activity Propagation Progress Report :   0%   1%   2%   3%   4%   5%   6%   7%   8%   9%  10%  11%  12%  13%  14%  15%  16%  17%  18%  19%  20%  21%  22%  23%  24%  25%  26%  27%  28%  29%  30%  31%  32%  33%  34%  35%  36%  37%  38%  39%  40%  41%  42%  43%  44%  45%  46%  47%  48%  49%  50%  51%  52%  53%  54%  55%  56%  57%  58%  59%  60%  61%  62%  63%  64%  65%  66%  67%  68%  69%  70%  71%  72%  73%  74%  75%  76%  77%  78%  79%  80%  81%  82%  83%  84%  85%  86%  87%  88%  89%  90%  91%  92%  93%  94%  95%  96%  97%  98%  99% 100%
Info   : ACTP-0001 Activity propagation ended for stim#0
Info   : PWRA-0001 compute_power effective options 
       : -mode : lp_asserted
       : -skip_propagation : 1
       : -frequency_scaling_factor : 1.0
       : -use_clock_freq : stim
       : -stim :/stim#0
       : -fromGenus : 1
Info   : ACTP-0001 Timing initialization started
Info   : ACTP-0001 Timing initialization ended
Info   : PWRA-0002 Skipping activity propagation due to -skip_ap option....
Info   : PWRA-0002 Started 'average' power computation from attr values.
Info   : PWRA-0009 [PwrInfo] Power Computation Progress Report :   0%   1%   2%   3%   4%   5%   6%   7%   8%   9%  10%  11%  12%  13%  14%  15%  16%  17%  18%  19%  20%  21%  22%  23%  24%  25%  26%  27%  28%  29%  30%  31%  32%  33%  34%  35%  36%  37%  38%  39%  40%  41%  42%  43%  44%  45%  46%  47%  48%  49%  50%  51%  52%  53%  54%  55%  56%  57%  58%  59%  60%  61%  62%  63%  64%  65%  66%  67%  68%  69%  70%  71%  72%  73%  74%  75%  76%  77%  78%  79%  80%  81%  82%  83%  84%  85%  86%  87%  88%  89%  90%  91%  92%  93%  94%  95%  96%  97%  98%  99% 100%
Info   : PWRA-0002 Finished power computation.
Info   : PWRA-0007 Completed successfully.
       : Info=6, Warn=0, Error=0, Fatal=0
Output file: /home/cinovador/Documents/course_files/physical_synthesis/synthesis_dft_atpg/backend/synthesis/reports/multiplier32FP_MAX_VCD_power.rpt
@file(multiplier32FP.tcl) 147: read_vcd -static -vcd_scope ${DESIGNS}_tb/DUT ${PROJECT_DIR}/frontend/work/${DESIGNS}_MIN_tb.vcd
Info    : Joules engine is used. [RPT-16]
        : Joules parser is being used for the command read_vcd.
Info   : STIM-0001 [StimInfo] read_stimulus effective options 
       : -file :
       : /home/cinovador/Documents/course_files/physical_synthesis/synthesis_dft_atpg/frontend/work/multiplier32FP_MIN_tb.vcd
       : -dut_instance : multiplier32FP_tb/DUT
       : -design_root : design:multiplier32FP
       : -format : vcd
Info   : STIM-0001 Design top is multiplier32FP
Info   : STIM-0001 Started reading input stimulus file
       : /home/cinovador/Documents/course_files/physical_synthesis/synthesis_dft_atpg/frontend/work/multiplier32FP_MIN_tb.vcd
Info   : STIM-0001 Found top instance /multiplier32FP_tb/DUT
Info   : STIM-0002 [StimInfo] Finished design hierarchy parsing.
Info   : STIM-0010 [StimInfo] Total number of frames '1'
Info   : STIM-0002 Started value change section parsing.
Info   : STIM-0012 [StimInfo] Simulation start = 0 ps, end = 40110000 ps.
Info   : STIM-0002 Finished processing value changes, started storage.
Info   : STIM-0007 [StimInfo] Stored stimulus information '/stim#1' in SDB.
--------------------------- Annotation Report ---------------------------
Object Type         Asserted  UnAsserted  Unconnected  Total  Asserted% 
                                           + Constant                   
-------------------------------------------------------------------------
Primary Ports                                                           
  Inputs                  67           2            0     69     97.10% 
  Outputs                 38           0            0     38    100.00% 
  I/O                      0           0            0      0        N/A 
Sequential Outputs                                                      
  Memory                   0           0            0      0        N/A 
  Flop                    40           0            0     40    100.00% 
  Latch                   66           0            0     66    100.00% 
  Arch ICGC                0           0            0      0        N/A 
  Inferred ICGC            0           0            0      0        N/A 
  Total ICGC               0           0            0      0        N/A 
Drivers                                                                 
  Driver nets           1523         224            0   1747     87.17% 
  RTL Driver nets       1381           0            0   1381    100.00% 
DFT                                                                     
  Input Ports              0           2            0      2      0.00% 
  Flop Outputs             0           0            0      0        N/A 
  Memory Outputs           0           0            0      0        N/A 
-------------------------------------------------------------------------
Info   : STIM-0013 [StimInfo] Completed successfully.
       : Info=10, Warn=0, Error=0, Fatal=0
Info: Removing all stims from SDB
@file(multiplier32FP.tcl) 148: report_power -unit uW > ${RPT_DIR}/${HDL_NAME}_MIN_VCD_power.rpt
Info    : Joules engine is used. [RPT-16]
        : Joules engine is being used for the command report_power.
Info   : ACTP-0001 Activity propagation started for stim#0 netlist
       : multiplier32FP
Info   : ACTP-0009 [ACTPInfo] Activity Propagation Progress Report :   0%   1%   2%   3%   4%   5%   6%   7%   8%   9%  10%  11%  12%  13%  14%  15%  16%  17%  18%  19%  20%  21%  22%  23%  24%  25%  26%  27%  28%  29%  30%  31%  32%  33%  34%  35%  36%  37%  38%  39%  40%  41%  42%  43%  44%  45%  46%  47%  48%  49%  50%  51%  52%  53%  54%  55%  56%  57%  58%  59%  60%  61%  62%  63%  64%  65%  66%  67%  68%  69%  70%  71%  72%  73%  74%  75%  76%  77%  78%  79%  80%  81%  82%  83%  84%  85%  86%  87%  88%  89%  90%  91%  92%  93%  94%  95%  96%  97%  98%  99% 100%
Info   : ACTP-0001 Activity propagation ended for stim#0
Info   : PWRA-0001 compute_power effective options 
       : -mode : lp_asserted
       : -skip_propagation : 1
       : -frequency_scaling_factor : 1.0
       : -use_clock_freq : stim
       : -stim :/stim#0
       : -fromGenus : 1
Info   : ACTP-0001 Timing initialization started
Info   : ACTP-0001 Timing initialization ended
Info   : PWRA-0002 Skipping activity propagation due to -skip_ap option....
Info   : PWRA-0002 Started 'average' power computation from attr values.
Info   : PWRA-0009 [PwrInfo] Power Computation Progress Report :   0%   1%   2%   3%   4%   5%   6%   7%   8%   9%  10%  11%  12%  13%  14%  15%  16%  17%  18%  19%  20%  21%  22%  23%  24%  25%  26%  27%  28%  29%  30%  31%  32%  33%  34%  35%  36%  37%  38%  39%  40%  41%  42%  43%  44%  45%  46%  47%  48%  49%  50%  51%  52%  53%  54%  55%  56%  57%  58%  59%  60%  61%  62%  63%  64%  65%  66%  67%  68%  69%  70%  71%  72%  73%  74%  75%  76%  77%  78%  79%  80%  81%  82%  83%  84%  85%  86%  87%  88%  89%  90%  91%  92%  93%  94%  95%  96%  97%  98%  99% 100%
Info   : PWRA-0002 Finished power computation.
Info   : PWRA-0007 Completed successfully.
       : Info=6, Warn=0, Error=0, Fatal=0
Output file: /home/cinovador/Documents/course_files/physical_synthesis/synthesis_dft_atpg/backend/synthesis/reports/multiplier32FP_MIN_VCD_power.rpt
@file(multiplier32FP.tcl) 150: write_sdc > ${DEV_DIR}/${HDL_NAME}_dft.sdc
Finished SDC export (command execution time mm:ss (real) = 00:01).
@file(multiplier32FP.tcl) 151: write_scandef > ${DEV_DIR}/${HDL_NAME}.scandef
@file(multiplier32FP.tcl) 152: write_dft_atpg -library ${LIB_SRC}/slow_vdd1v0_basicCells.v
----------------------------------------------------------------------------
Modus scripts for ATPG have been written 
 for fullscan mode to directory './test_scripts'.
To generate the ATPG test vectors in fullscan mode :
.... Invoke the script from OS command line as 'modus -file ./test_scripts/runmodus.atpg.tcl'.
To simulate the ATPG generated test vectors in FULLSCAN mode:
.... Invoke the script from OS command line as './test_scripts/run_fullscan_sim'.
------------------------------------------------------------------------
#@ End verbose source /home/cinovador/Documents/course_files/physical_synthesis/synthesis_dft_atpg/backend/synthesis/scripts/multiplier32FP.tcl
WARNING: This version of the tool is 1314 days old.
@genus:design:multiplier32FP 2> pwd
/home/cinovador/Documents/course_files/physical_synthesis/synthesis_dft_atpg/backend/synthesis/work
@genus:design:multiplier32FP 3> exit
Normal exit.